LDLR137-219 BEAN mu_Z,LDLR-FL BEAN mu_Z
-5.4156,
-4.96624,
-4.61784,
-4.61718,
-4.52367,
-4.45694,-2.72486
-4.41866,-4.28408
-4.33205,-2.55472
-4.27169,
-4.24662,-1.70134
-3.95529,
-3.93638,-1.66058
-3.90117,-3.8203
-3.88461,
-3.793,
-3.69879,-5.04677
-3.65061,
-3.6449,
-3.56157,-4.8956
-3.47465,-2.97443
-3.35451,
-3.31385,-2.59086
-3.28326,
-3.27086,
-3.23741,
-3.2122,
-3.06275,
-3.05203,-2.56286
-3.03352,
-3.03121,
-3.00126,
-2.86253,
-2.81655,
-2.80642,-2.25728
-2.80339,
-2.76525,-3.95441
-2.74155,
-2.68445,
-2.59404,
-2.59259,
-2.57033,-2.39343
-2.55906,-2.69479
-2.54917,
-2.52429,-2.58126
-2.51378,
-2.45785,
-2.45546,
-2.45524,1.858215
-2.38081,
-2.331,
-2.3167,
-2.28923,
-2.28176,-1.02382
-2.20766,
-2.177,-0.3784
-2.17675,
-2.15011,-0.53562
-2.1419,
-2.10115,
-2.0914,
-2.07856,
-2.07506,
-2.07056,
-2.04205,-1.57251
-2.03266,
-2.0277,
-2.02712,
-2.01715,
-2.01017,
-2.00762,-2.715
-1.98596,-1.36641
-1.97128,
-1.96664,
1.95975,3.186963
1.974138,
1.983553,
1.986759,
1.991452,
2.003389,
2.010918,
2.011519,
2.020942,
2.039701,1.499758
2.074272,
2.094636,-0.23906
2.098053,
2.116139,
2.128268,
2.132692,-0.8344
2.176446,-0.36288
2.197878,
2.207901,
2.213603,1.670995
2.216545,0.82056
2.236371,
2.25081,
2.259371,
2.281079,
2.318647,0.628646
2.328564,
2.343847,-0.48797
2.377219,
2.395459,1.066111
2.409637,
2.411126,0.457981
2.434088,2.798945
2.442666,
2.452869,
2.474623,
2.513156,
2.539834,3.32787
2.577517,
2.59385,0.268421
2.595578,
2.639165,4.74002
2.68511,
2.770779,
2.793666,
2.794197,0.578473
2.872188,1.12186
2.978841,
2.98316,-1.47879
2.985915,
3.017601,1.353525
3.033903,
3.091337,
3.267887,
3.357581,7.913073
3.468522,
3.47589,
4.126288,1.656803
4.933112,
6.392523,5.827563
,
,
,0.845876
,
,
,
,
,2.112283
,
,0.724667
,
,0.678792
,
,0.957486
,
,0.773646
,
,2.166542
,2.599271
,
,
,
,
,
,
,
,
,-1.04885
,
,
,
,0.829238
,
,
,
,
,1.16554
,0.295384
,2.296778
,
,
,
,
,
,
,
,
,
,
,
,
,
,
,1.753018
,
,
,
,
,
,
,
,
,
,
,0.090677
,
,-0.1023
,
,-0.31288
,1.926503
,
,
,
,
,-1.61535
,2.388693
,-0.18375
,
,
,
,
,
,
,
,
,
,
,
,
,
,
,
,
,2.55079
,
,
,1.322787
,
,
,
,
,1.736974
,
,-0.72677
,
,
,
,
,
,
,
,
,-0.73382
,
,
,
,
,
,
,-0.35558
,
,
,
,0.052863
,
,1.154288
,0.953907
,
,0.545506
,
,
,
,
,
,
,
,
,
,
,
,
,0.784281
,0.01163
,
,
,0.954185
,
,
,
,
,1.781267
,-0.07033
,0.13477
,
,
,
,
,
,
,-2.15445
,
,
,
,
,
,
,
,
,
,
,-0.28778
,
,0.799116
,0.562602
,
,
,
,
,0.409313
,
,
,
,
,
,
,
,
,0.341225
,
,
,
,0.738988
,
,
,
,-1.33065
,
,1.635405
,
,
,
,
,
,
,-0.78735
,
,
,
,
,
,
,
,
,-0.13414
,
,1.436066
,
,
,
,
,
,
,
,
,2.012465
,
,
,
,
,
,
,
,
,
,-0.60082
,
,
,
,
,
,
,
,
,
,
,
,
,
,
,0.043244
,-0.43328
,
,
,0.526791
,
,
,
,
,
,
,0.51144
,
,
,-0.86637
,0.788804
,
,
,
,0.428198
,
,0.69085
,
,
,1.026986
,1.785529
,
,
,
,
,
,
,-1.44099
,
,-1.228
,
,
,1.047045
,1.324515
,
,
,0.971943
,0.846807
,
,-0.22559
,1.017702
,
,
,1.099374
,0.974332
,-2.18796
,
,
,
,
,
,
,
,
,
,1.332535
,
,
,
,
,
,
,
,
,
,
,
,
,
,-0.97835
,
,
,
,
,1.850856
,
,
,
,
,
,
,1.110419
,
,2.577387
,2.936812
,
,
,
,
,
,
,
,
,
,
,
,
,-0.20286
,1.775901
,
,
,
,
,
,
,
,
,0.627156
,-0.15739
,1.380892
,
,
,
,
,
,
,
,
,
,
,
,
,
,
,
,
,
,
,
,
,
,
,
,
,-0.62653
,0.67074
,
,
,
,
,
,
,
,
,
,
,2.397858
,
,0.989175
,
,-0.29707
,
,
,
,
,
,
,
,
,
,
,
,
,
,-1.33001
,
,
,
,
,
,
,
,
,
,
,
,
,
,
,
,
,
,
,
,
,
,
,
,
,
,
,
,
,
,1.605007
,
,
,
,
,
,
,
,0.610093
,
,
,0.427864
,1.078506
,0.326996
,
,
,
,
,
,
,-0.41962
,
,
,
,
,
,
,1.521781
,
,-1.09889
,1.194871
,
,2.251513
,
,
,
,
,
,
,
,
,
,
,
,
,
,
,1.735141
,1.834525
,
,
,
,
,
,
,
,
,0.11819
,
,-0.59096
,0.52295
,
,
,
,0.150725
,-0.90563
,
,
,
,
,
,
,
,
,
,
,
,3.711472
,
,
,
,
,2.131
,
,-0.113
,
,0.962122
,1.803101
,
,
,-0.40302
,
,
,-1.26428
,
,
,
,
,0.609547
,1.727529
,
,
,-0.33118
,0.348871
,
,
,
,
,
,
,
,0.644013
,
,
,
,
,
,
,-1.64053
,
,
,0.695485
,
,1.369882
,
,
,
,0.69571
,
,0.900269
,2.645369
,
,
,
,
,
,
,
,
,0.462096
,-0.52349
,-0.66838
,
,
,
,
,
,
,0.602469
,
,
,
,
,
,
,0.94183
,
,-0.24988
,1.247165
,
,-0.08196
,
,
,0.458038
,
,-1.063
,
,
,2.663732
,
,
,2.331893
,
,1.932991
,
,
,1.21107
,
,
,
,
,-0.11083
,
,
,
,
,
,
,
,
,
,
,
,
,
,-0.05717
,-0.50064
,
,-0.50468
,
,0.686832
,
,
,
,
,
,1.023861
,
,
,0.406069
,
,0.648997
,
,
,
,
,0.86888
,
,
,
,
,
,
,
,
,1.182356
,
,
,
,
,
,
,1.72349
,
,0.825659
,1.116438
,
,
,
,
,
,1.067025
,0.716261
,
,
,
,-0.5893
,
,
,
,
,0.910455
,
,-0.51099
,-0.41947
,
,
,
,
,
,
,-0.34172
,-1.10393
,
,
,-0.79544
,-0.3815
,
,
,2.249622
,
,
,2.400574
,
,
,
,
,2.286052
,
,2.484193
,
,
,
,
,0.693466
,2.467213
,
,
,
,
,
,
,0.906712
,
,
,
,
,
,
,
,
,
,
,
,
,
,
,
,
,
,
,
,
,
,1.245385
,-1.74915
,
,
,
,-1.70026
,-0.28219
,0.971049
,
,-0.88098
,
,
,
,
,0.128053
,
,
,
,
,
,
,
,
,
,
,
,0.738581
,
,1.083073
,
,
,
,
,0.745656
,
,0.129273
,
,
,
,0.39453
,
,
,0.111697
,0.919644
,
,
,
,
,1.461882
,-0.95617
,1.864751
,
,-0.98335
,0.278979
,
,
,
,
,-0.39339
,
,1.065427
,
,-0.8917
,-0.41745
,
,
,
,
,0.113194
,
,
,-0.20877
,
,
,
,
,
,
,
,
,-0.36713
,
,1.369367
,
,-0.09202
,
,
,
,
,0.498249
,
,
,-1.60758
,1.653447
,
,
,
,
,0.802996
,0.218441
,
,
,
,
,
,-0.06019
,
,
,
,
,
,
,
,
,1.628518
,-1.23528
,0.201627
,
,
,
,
,
,0.241212
,
,
,
,
,
,
,
,
,
,1.314746
,
,-1.4999
,
,0.349863
,-0.16992
,
,
,-1.3765
,
,
,0.2351
,
,
,
,
,
,
,
,
,-0.21047
,-0.29996
,
,-2.06064
,
,
,
,1.441258
,
,
,
,
,
,
,1.418104
,
,
,2.453055
,
,0.752591
,
,
,-1.16623
,
,
,
,
,
,
,
,-0.32419
,
,0.773581
,
,0.881599
,
,
,0.787173
,
,
,
,
,
,2.352126
,
,
,
,
,
,
,
,
,
,
,1.514156
,
,-0.82895
,
,
,
,
,
,
,0.325462
,
,
,
,-1.08456
,0.080185
,
,
,0.121189
,
,
,1.701616
,
,
,
,-1.04539
,
,
,
,0.956611
,-0.61545
,
,
,1.846653
,
,-0.26198
,
,
,0.895989
,
,
,
,
,
,
,
,
,
,-0.28256
,
,
,0.528598
,
,
,
,-1.13517
,
,1.019277
,
,1.511715
,-1.2483
,
,
,
,
,
,2.159834
,-0.27338
,
,
,0.760176
,2.296581
,
,
,
,
,2.693973
,
,
,
,
,
,
,
,1.843405
,
,
,
,
,
,
,0.41018
,
,
,-0.15551
,
,-0.36055
,
,
,
,
,
,
,-0.35294
,
,
,-0.48288
,
,
,
,
,1.948166
,
,-0.51682
,1.502226
,0.076807
,
,
,
,
,
,
,1.178933
,1.733836
,
,-0.64811
,-0.14043
,0.039877
,
,
,
,0.416225
,
,
,
,
,
,-0.82232
,
,
,
,0.46046
,
,
,
,
,
,
,
,1.289336
,
,0.006687
,1.065751
,
,0.757183
,
,
,
,
,
,
,
,
,
,
,
,
,
,
,
,
,
,
,
,
,
,
,
,
,1.9679
,
,
,0.474792
,0.42446
,
,
,
,
,
,1.014498
,
,
,
,
,
,
,
,
,2.501494
,
,
,
,-0.13264
,
,
,
,
,0.408928
,
,1.338109
,
,
,
,
,
,
,
,0.973387
,0.173948
,1.808254
,-0.52823
,-0.69639
,
,
,
,
,
,
,
,
,
,
,-1.19023
,
,1.200824
,-0.93105
,1.624561
,
,
,
,
,
,
,
,-0.43316
,
,-0.63483
,1.159435
,
,
,
,
,
,
,
,0.229231
,
,
,1.1779
,
,
,
,
,1.363305
,
,2.14421
,
,
,
,
,
,
,
,
,1.247791
,
,
,0.092777
,1.50822
,
,
,
,
,
,0.410795
,
,
,
,
,
,
,2.408482
,
,
,
,
,
,
,
,
,
,-0.92761
,3.479937
,
,0.231275
,
,2.443813
,0.718174
,
,
,
,
,
,
,
,1.610343
,
,-0.72713
,
,1.800848
,
,
,
,
,
,
,
,
,
,-1.56285
,
,
,
,-0.02024
,1.222228
,0.013521
,
,
,-1.0242
,
,
,
,
,
,
,
,
,
,
,1.434524
,
,
,2.928031
,1.678176
,
,
,
,
,
,-0.01592
,
,
,
,
,-0.31939
,
,
,-0.31312
,-0.65424
,
,
,
,
,
,
,
,
,-0.34779
,2.215474
,1.512407
,
,1.474507
,
,
,
,1.854245
,
,
,
,
,
,
,
,
,
,2.20316
,
,
,0.555968
,0.194959
,-0.05888
,
,
,
,1.240423
,
,
,
,
,
,
,
,
,
,
,0.34731
,
,1.37435
,
,0.884845
,1.032287
,2.488809
,0.849535
,
,
,
,1.589218
,
,
,
,
,
,
,
,
,1.674448
,1.060992
,
,
,
,
,1.868124
,
,
,
,
,
,
,1.359926
,
,
,
,
,
,
,0.177927
,
,
,
,
,
,
,
,
,
,
,1.883873
,
,
,
,
,
,
,
,
,
,
,
,
,
,
,
,
,
,
,
,
,
,
,
,
,
,
,-1.73041
,
,
,
,0.062581
,
,
,-0.35094
,1.297052
,
,
,
,
,
,
,
,-0.19115
,0.162021
,0.881021
,0.144569
,0.562193
,
,
,
,-0.20846
,0.068998
,
,
,
,0.524453
,
,
,
,
,-0.23861
,
,
,
,
,
,
,0.720346
,
,0.508115
,
,-1.09073
,0.160843
,
,
,0.459482
,
,
,
,1.794131
,-1.8335
,
,
,
,
,
,
,
,
,
,
,
,
,
,
,
,
,
,
,
,
,
,
,
,
,
,
,
,
,
,
,
,
,
,
,
,
,
,
,
,
,
,
,2.00497
,
,
,
,
,
,1.257687
,1.863797
,
,
,
,
,
,
,1.976294
,
,
,
,
,2.140417
,
,-0.92123
,
,
,1.598237
,
,
,0.276068
,
,
,
,
,
,2.735797
,2.520724
,-0.82063
,
,
,
,-0.42129
,
,
,-0.09837
,
,
,
,
,
,
,
,
,0.196966
,
,-0.18617
,-1.09707
,0.385024
,-1.71066
,1.595101
,
,1.38136
,
,
,
,
,
,-0.02269
,
,
,
,
,0.55152
,
,
,
,
,0.641068
,
,
,
,-0.09429
,
,
,
,
,
,
,
,
,
,
,0.277893
,
,0.147825
,
,0.141047
,
,
,
,0.560415
,
,
,
,
,
,
,
,1.059757
,
,
,0.592015
,
,-0.5483
,
,
,
,
,
,
,
,0.598281
,
,
,
,0.939909
,
,
,
,
,0.695594
,
,-1.15287
,
,
,0.986662
,
,
,
,-0.73616
,
,
,
,-0.58482
,
,-1.27522
,
,
,-3.21774
,
,
,-2.00545
,
,0.584581
,
,-0.29545
,
,-3.04159
,-2.6743
,-2.82096
,
,
,
,
,
,
,
,-2.25616
,-1.90305
,-1.84703
,-2.39399
,
,-0.72032
,1.174072
,
,
,
,
,
,
,
,0.099719
,
,0.368505
,
,
,1.440464
,
,
,
,
,
,
,
,
,
,
,
,-0.71304
,
,
,-0.62579
,
,
,
,-2.21556
,1.747562
,
,
,
,
,0.886926
,0.170463
,
,0.640303
,
,
,
,
,
,
,
,
,-1.76083
,0.288223
,
,1.373125
,
,2.409882
,
,
,
,
,
,-0.1934
,
,
,0.287657
,-0.84264
,
,
,
,
,
,0.477739
,
,
,
,-3.45093
,
,
,
,-1.10389
,
,
,
,-3.07685
,
,-1.74891
,
,
,0.003753
,
,
,-1.4636
,
,-2.51762
,
,
,
,-1.03089
,
,
,-0.63076
,
,
,
,
,-1.82353
,
,-1.36918
,
,-1.85694
,-1.83176
,
,
,
,
,
,1.010947
,
,
,
,
,
,
,
,0.470602
,
,1.759926
,
,0.746369
,
,
,
,
,
,0.196404
,
,
,
,
,
,
,
,
,
,
,-0.3674
,
,-1.1148
,
,2.481399
,
,-0.26243
,
,-0.00905
,-1.42107
,-1.229
,
,
,
,
,
,
,
,-0.65863
,-0.15637
,-0.63557
,0.003717
,-1.20246
,0.452028
,
,-0.50534
,
,0.816737
,
,-0.42723
,0.836467
,
,
,-0.05063
,
,
,
,0.833759
,
,
,
,
,
,
,
,
,
,
,
,
,
,
,
,
,
,
,
,
,
,
,
,
,
,
,
,
,
,1.422321
,
,
,-0.30902
,
,
,
,
,2.331399
,
,-0.05709
,
,
,
,
,
,
,
,
,
,0.376314
,
,0.147527
,-0.38251
,-1.03907
,
,
,
,
,
,
,
,
,
,0.155139
,
,1.499899
,-2.27836
,-1.50078
,
,
,
,
,
,
,
,-0.56835
,-0.73039
,1.225947
,0.602881
,
,-0.90994
,
,
,
,
,
,0.662226
,
,
,1.095576
,-0.718
,
,
,
,
,
,1.368006
,
,
,
,
,
,
,
,1.197389
,
,
,
,
,
,
,2.850606
,
,
,0.401609
,
,
,
,
,-1.05293
,
,0.183457
,
,
,
,
,
,-1.87819
,
,0.306197
,
,
,0.609907
,
,
,
,
,
,
,
,0.456212
,
,
,
,
,-0.19736
,
,
,
,
,-0.41449
,
,1.496384
,
,-3.36378
,0.32491
,
,
,
,
,
,0.114653
,
,-0.27152
,
,
,
,
,
,-1.34575
,
,
,
,
,
,3.11645
,
,0.626229
,
,
,
,-0.76077
,
,
,
,
,
,
,
,
,-0.05251
,1.376463
,
,
,
,-1.41944
,
,-1.55141
,
,-0.94584
,
,
,
,
,
,
,
,-0.3875
,
,
,-3.29979
,
,
,
,
,
,0.39866
,
,
,
,-1.55391
,
,
,
,
,
,
,
,1.978659
,0.65724
,
,0.868426
,1.865046
,
,
,
,
,
,
,
,0.472039
,
,2.300095
,
,
,0.72921
,
,
,
,
,0.945739
,
,
,
,1.165685
,
,
,
,
,
,
,
,
,0.94148
,1.47234
,
,0.36965
,
,1.894536
,
,
,
,
,
,0.935814
,
,
,0.273035
,
,
,
,
,0.857786
,
,1.099927
,
,
,
,
,0.238672
,
,0.510467
,0.354468
,0.75371
,
,
,
,
,
,
,
,0.437015
,1.999591
,1.138107
,1.135111
,1.647575
,0.158601
,
,
,
,-1.72176
,0.597395
,
,
,
,0.041811
,
,
,
,
,0.436127
,
,2.277481
,
,
,
,
,-0.18281
,
,
,
,-1.068
,
,
,-2.9586
,2.152398
,
,
,2.816572
,
,2.233023
,
,
,
,2.695669
,
,4.192711
,
,
,1.033752
,
,
,
,
,
,
,1.675356
,
,0.743423
,1.068573
,1.875479
,
,
,
,
,
,1.903405
,
,0.382864
,
,-0.88947
,
,
,-0.20116
,
,
,0.684947
,
,2.506464
,
,
,
,
,
,
,-1.61024
,
,
,
,-2.34363
,-1.23501
,-2.17309
,
,-1.85529
,-4.63574
,
,
,
,-1.16967
,0.957507
,
,
,
,
,0.266095
,
,-0.59505
,
,-0.45808
,
,
,
,
,0.180184
,
,0.51487
,
,
,
,
,
,-0.33633
,
,
,
,
,
,
,
,
,
,
,
,
,
,
,-0.72887
,-1.14869
,
,-0.03641
,
,-1.27451
,
,
,
,-1.54933
,
,0.257548
,
,
,-1.16222
,
,
,
,
,
,
,
,
,
,
,-0.54292
,
,
,-0.0296
,1.203656
,
,
,-2.26792
,
,
,-0.3273
,
,
,
,-1.60694
,
,
,
,-2.07872
,-4.03762
,
,
,-1.55632
,
,-1.45896
,
,
,-3.50696
,
,
,
,
,
,0.34112
,
,0.71738
,
,
,-1.08667
,
,
,
,
,
,
,
,-0.4279
,
,0.011169
,-0.14
,-0.1936
,
,-3.25846
,
,
,
,
,
,
,1.461155
,
,-0.88265
,
,
,-0.35153
,
,
,
,
,0.036442
,
,-3.27378
,
,-2.7825
,-2.45152
,-2.70482
,
,
,
,
,
,
,
,-3.5119
,-3.5822
,-3.40961
,-3.92152
,-3.55189
,-4.66149
,
,
,
,
,
,0.065005
,
,
,
,
,
,
,0.674667
,
,
,
,-0.26901
,
,1.904505
,-1.57297
,
,
,
,
,
,
,
,-2.98618
,
,-1.28136
,
,
,-0.01617
,
,
,-2.82059
,
,
,
,
,0.522406
,-1.91364
,
,
,
,2.385003
,
,
,0.338819
,-0.57518
,-0.0875
,
,
,
,
,
,
,
,
,
,
,
,
,
,
,
,
,
,
,
,
,
,
,1.300547
,
,
,
,
,
,0.801076
,
,
,
,
,
,-0.60477
,
,
,
,
,
,0.81138
,0.145528
,
,-2.15659
,
,1.653331
,
,0.692915
,-0.92545
,
,
,
,
,
,
,
,-1.05435
,
,
,
,
,-1.82875
,
,-2.70539
,
,-2.56414
,
,
,
,-2.14215
,
,-2.85215
,
,
,-3.17709
,
,
,-3.80743
,
,-5.57486
,
,
,
,
,
,-1.53354
,
,
,
,
,
,
,
,
,
,
,0.101236
,0.607675
,
,
,
,5.591945
,
,1.687502
,
,
,1.780682
,
,6.190803
,
,
,2.379378
,
,3.862611
,
,
,
,-3.93379
,
,-2.81398
,
,0.822995
,-5.0482
,
,
,-3.71658
,
,0.488662
,
,
,-3.63571
,
,
,-3.38954
,
,
,
,
,
,
,
,1.984114
,
,
,1.89949
,
,
,
,
,-3.32114
,
,0.992405
,
,
,
,
,-0.3051
,
,
,-0.23788
,0.187039
,
,
,0.476549
,0.44164
,
,
,-1.76736
,
,
,
,
,
,-2.09709
,
,0.743038
,
,-3.84601
,-1.21097
,
,
,0.220848
,
,1.112454
,
,
,-3.15358
,
,
,-2.14081
,
,
,1.758527
,
,-0.30304
,
,1.454511
,
,
,
,
,
,
,
,
,
,-0.15295
,
,1.468406
,
,
,
,
,
,
,
,
,
,-2.77764
,
,
,
,
,3.220521
,
,0.75287
,
,2.9922
,0.135926
,
,
,
,-1.44075
,
,
,
,-0.80221
,1.599465
,
,1.517466
,
,
,
,0.807614
,1.601186
,
,
,
,1.137146
,
,0.072062
,
,
,
,-2.3808
,
,
,
,
,
,
,
,
,
,
,
,-1.15559
,
,
,
,
,
,
,
,
,
,
,
,
,
,
,
,
,
,
,
,
,
,
,
,
,
,0.289603
,
,
,
,0.671068
,
,
,
,
,0.584192
,
,0.327696
,
,
,
,
,
,0.158428
,0.714528
,
,
,
,
,
,
,
,
,1.515329
,
,1.641603
,
,
,
,
,
,
,
,
,-1.39467
,-0.05631
,
,1.344575
,1.362484
,
,
,
,
,
,
,
,
,
,
,1.581431
,
,
,
,-0.34657
,
,
,
,
,
,
,
,-0.61896
,2.660143
,0.269739
,2.309145
,
,
,2.385655
,0.282038
,1.89878
,
,
,
,2.002855
,
,
,
,
,
,2.200587
,1.704195
,
,
,2.473875
,-0.83584
,
,0.072341
,
,2.231314
,-0.23314
,
,
,0.91736
,
,
,
,
,2.0664
,
,
,
,
,-0.38815
,
,
,
,
,
,
,
,0.647518
,
,2.114831
,
,
,-0.22387
,
,
,
,
,
,
,
,
,
,
,
,
,0.203424
,
,
,
,
,2.460113
,
,0.178196
,
,-2.52898
,2.150209
,
,
,-1.80533
,
,
,0.790371
,
,
,
,0.369072
,0.417749
,0.935759
,
,
,-0.39613
,2.57819
,
,
,
,
,
,
,
,
,0.339572
,
,
,
,
,
,
,-0.79384
,
,
,0.49033
,
,1.529606
,
,
,
,
,
,
,
,
,
,
,
,
,
,
,
,
,
,
,
,
,
,
,
,
,
,
,
,
,
,
,
,
,
,
,
,
,
,0.463016
,
,
,
,
,
,
,
,0.090242
,
,2.110576
,
,
,0.878458
,
,
,
,
,
,
,
,
,0.53536
,
,
,
,
,
,
,
,
,
,-1.4122
,
,-3.30009
,
,-0.13235
,
,
,
,
,
,
,0.280067
,
,1.875207
,0.323396
,
,
,
,2.478665
,2.178719
,
,
,
,
,
,-1.04646
,
,0.981845
,2.034767
,0.033427
,
,
,
,
,
,
,
,-1.14388
,-0.38063
,1.534468
,
,-1.28617
,
,
,
,-0.71171
,
,
,
,
,1.418922
,
,
,
,
,-1.54871
,
,1.04938
,
,
,
,
,
,0.490313
,
,
,
,0.472936
,
,
,
,-0.25807
,0.469576
,
,
,
,1.074278
,
,
,
,
,1.844608
,-0.14332
,
,
,
,
,
,
,
,
,
,1.024648
,
,0.856177
,
,1.28779
,
,
,
,
,
,2.110231
,
,
,-1.74162
,-0.24126
,
,
,
,
,0.390532
,
,
,
,-0.44835
,
,-1.0591
,
,
,
,
,
,
,
,
,
,-0.198
,0.221773
,
,-1.94276
,1.039868
,3.781241
,
,
,
,
,0.129186
,0.443615
,
,1.121252
,
,
,
,
,1.216641
,-0.94106
,
,1.663205
,
,-0.00102
,
,
,
,1.840685
,
,-1.52218
,
,1.289648
,
,
,
,
,
,
,
,0.072884
,0.80134
,
,-0.7362
,
,-1.32366
,-0.73602
,
,1.066328
,
,-2.34817
,
,
,
,-0.48309
,
,-2.8321
,
,
,1.519153
,
,
,
,
,
,2.350346
,
,0.591334
,
,
,
,
,
,
,-0.81876
,
,
,0.253757
,-1.21794
,
,1.402782
,0.631135
,-0.4029
,
,
,
,
,
,
,
,
,2.471567
,
,
,
,
,1.847832
,
,-0.56206
,
,0.392566
,-0.81876
,
,
,
,
,1.930476
,
,
,
,
,3.201364
,1.347236
,
,
,
,
,
,0.698624
,
,
,
,1.107675
,
,-1.31166
,
,-2.1307
,
,
,
,1.039713
,
,0.901425
,
,
,-0.77772
,
,
,
,
,
,
,-0.38582
,
,-0.36687
,
,-1.16115
,
,
,
,
,
,
,
,-1.28315
,-0.9796
,0.230251
,-0.61626
,
,-2.2152
,
,
,
,
,
,1.74422
,
,
,0.92026
,
,
,
,
,2.463181
,
,2.511953
,
,
,
,-0.96112
,
,
,
,0.781583
,
,
,
,-0.2163
,
,1.730638
,
,
,1.256847
,
,
,
,
,-0.60178
,1.269752
,
,
,
,
,
,
,-0.34061
,
,-1.03545
,
,
,
,0.847427
,
,
,1.365575
,
,1.811832
,
,-0.32503
,
,
,
,1.23008
,
,
,0.177397
,0.191282
,
,
,
,
,
,1.158588
,
,
,
,0.44278
,
,0.437587
,
,0.739976
,
,
,
,2.850731
,
,1.70036
,
,
,0.919487
,
,
,-0.88463
,
,-0.57197
,
,
,
,
,
,
,
,
,
,
,
,
,
,
,
,
,
,
,
,
,
,
,
,
,-0.08453
,
,2.261611
,
,-1.1436
,
,
,
,
,0.12653
,
,0.47538
,
,
,
,
,0.399188
,1.204407
,
,
,
,
,
,
,
,
,
,2.200213
,
,-1.02997
,
,2.017389
,
,-1.40871
,
,
,
,-1.93582
,
,
,
,
,
,
,
,1.133252
,
,1.481676
,-1.97766
,-2.09089
,-1.91663
,
,
,
,
,
,0.496542
,1.783257
,
,-0.87845
,
,
,
,
,0.25963
,
,0.69851
,
,
,
,
,
,
,
,
,-0.84765
,
,
,1.073002
,
,
,
,0.977988
,-0.62547
,0.401994
,
,
,
,
,
,
,
,
,
,
,
,
,
,
,
,
,
,
,
,
,
,
,
,
,
,
,
,1.02445
,
,
,-0.81107
,0.962842
,
,
,
,
,
,0.808159
,
,
,
,
,
,
,
,
,0.220127
,
,
,
,
,
,
,1.758488
,
,
,
,
,
,-0.17652
,
,0.254396
,
,
,0.546186
,-0.31797
,
,
,
,
,
,
,
,-1.02358
,2.902329
,1.536634
,
,0.569339
,-0.34426
,
,
,
,
,0.001686
,
,
,
,
,
,
,
,
,0.923359
,
,
,0.467289
,
,
,
,
,0.846729
,
,
,
,
,
,
,
,
,0.273691
,
,
,
,-1.03031
,
,-0.76507
,
,1.09372
,
,1.188478
,-1.88217
,
,
,
,
,
,1.535398
,1.873803
,
,
,
,
,
,
,
,
,
,
,-0.43266
,3.200167
,
,0.257669
,
,
,
,-0.20687
,0.629311
,
,
,
,
,
,
,
,
,
,
,
,
,
,
,
,
,
,
,
,
,
,
,
,
,
,
,
,
,
,
,
,
,
,
,
,
,
,
,
,
,
,
,
,
,
,
,
,
,
,
,
,
,
,
,
,
,
,
,
,
,
,
,
,
,
,
,
,
,
,
,
,
,
,
,
,
,
,
,
,
,
,
,
,
,
,
,
,
,
,
,
,
,
,
,
,
,
,
,
,
,
,
,-0.76783
,
,
,2.418762
,-0.99071
,
,
,
,
,
,-0.05778
,
,
,
,
,-2.23904
,
,1.306068
,
,
,
,
,
,
,
,
,
,
,0.421754
,
,0.779125
,
,-3.66805
,
,
,
,
,
,
,
,1.440703
,
,
,
,
,
,
,1.042524
,
,0.542745
,-3.52317
,
,
,0.983208
,
,
,
,
,
,
,
,
,
,
,
,0.917367
,
,
,
,
,-1.59001
,
,
,
,-0.08344
,
,
,
,
,1.560906
,
,
,
,
,0.994436
,-0.28482
,
,
,
,
,
,
,
,
,0.317577
,-0.25246
,
,0.260114
,1.184485
,
,
,-0.89293
,
,
,
,
,
,
,
,
,
,
,
,-1.48635
,
,
,
,
,
,
,0.540099
,
,
,
,2.167073
,
,-1.13893
,2.57714
,
,
,
,
,
,
,
,-0.1536
,
,1.055517
,
,0.815022
,
,
,
,
,
,
,
,0.430054
,
,1.760379
,
,
,-0.35132
,
,
,
,
,2.595453
,
,1.065035
,
,
,
,
,
,
,
,
,-1.61
,
,0.912285
,
,-0.00598
,
,
,
,
,0.726364
,
,
,
,
,
,0.026196
,
,0.361675
,
,
,
,
,
,
,
,
,0.873452
,
,1.110375
,1.16981
,-0.36013
,1.292265
,
,
,
,
,
,
,0.085603
,
,
,0.406495
,
,
,
,-0.1031
,-1.7941
,0.52798
,
,
,
,1.704761
,
,
,
,
,
,
,0.562502
,
,
,
,
,
,-1.2266
,
,1.321672
,1.092953
,
,0.773743
,
,
,1.507293
,1.692147
,
,
,
,
,
,
,
,2.740963
,0.083996
,-1.42729
,
,
,
,0.337707
,
,0.533998
,
,
,-1.32564
,
,0.442097
,
,
,
,
,
,
,-0.26596
,-0.9203
,
,
,0.212378
,
,-0.65672
,
,0.518313
,
,
,
,0.340787
,
,-0.34696
,
,
,-0.54032
,
,
,-0.19451
,
,-0.56422
,
,-2.59789
,
,-3.60758
,-4.02942
,-0.18513
,
,
,
,
,
,
,
,-3.0716
,
,-1.64423
,-2.26511
,
,-4.47384
,0.203463
,
,-2.55115
,
,
,
,
,
,
,
,
,
,
,-0.1495
,
,1.14023
,1.423713
,3.446047
,
,-2.08029
,
,-4.93341
,
,
,-2.40867
,
,
,-3.0205
,
,-1.19184
,
,
,-4.82153
,
,
,-1.65034
,
,-2.64576
,1.200024
,1.306878
,
,
,
,-1.70396
,2.303839
,1.8861
,
,
,
,
,
,
,
,3.211275
,
,
,
,
,
,
,
,
,0.124907
,
,
,0.513531
,0.911472
,
,
,
,
,
,0.238496
,
,
,
,-2.08579
,
,0.763987
,
,-0.30446
,
,
,
,0.496541
,
,0.134793
,
,
,-1.39273
,
,
,
,
,0.481618
,
,
,-0.0056
,
,
,
,
,1.653078
,
,
,
,
,1.337407
,
,-0.82394
,
,1.769354
,0.131032
,
,-1.38341
,-0.24028
,
,0.718542
,
,0.625029
,0.750847
,
,
,
,
,
,
,
,
,
,
,
,
,
,
,1.067228
,1.231329
,
,
,
,1.252365
,
,-2.48414
,
,
,0.2938
,
,
,
,
,
,
,
,
,
,
,
,
,
,
,
,
,
,
,
,
,
,
,
,
,
,
,
,
,
,
,
,
,
,
,
,
,
,
,
,
,
,
,
,
,-0.71488
,
,
,
,0.488666
,
,
,
,
,
,
,1.367696
,
,-1.52781
,
,
,
,
,
,
,
,
,
,
,
,
,
,
,
,
,
,
,
,
,
,
,
,
,
,
,
,-0.51687
,-0.45835
,-0.99747
,0.188907
,1.374263
,
,
,
,
,
,
,
,
,
,
,
,
,
,
,
,1.616567
,
,0.339888
,0.50758
,
,
,
,0.833634
,-0.35115
,1.487086
,
,
,
,
,
,
,
,
,
,-0.10754
,
,
,
,
,0.119696
,
,0.107528
,
,
,
,
,
,-0.59836
,
,
,
,
,
,
,
,
,
,
,
,
,-0.47391
,0.402732
,
,
,
,
,
,
,
,-1.2678
,
,
,
,
,
,
,0.798972
,
,1.495043
,
,1.746819
,
,0.31295
,-0.46737
,
,
,
,
,
,
,
,0.944982
,
,0.932501
,
,1.825594
,
,
,
,
,
,
,
,
,
,
,
,
,
,
,
,
,
,
,
,
,
,
,
,
,
,
,
,
,
,
,1.950309
,-0.97724
,
,0.202332
,
,
,
,
,0.409938
,
,
,
,
,
,-3.56611
,
,-1.82773
,
,
,
,
,
,
,
,
,
,-0.46141
,-1.46111
,
,-1.02644
,
,-0.11999
,
,-2.24905
,
,1.376921
,
,
,
,
,
,
,
,
,
,-0.86156
,
,
,0.26275
,
,
,
,1.54187
,
,0.445105
,
,
,
,
,
,
,
,2.97498
,1.316682
,
,
,
,0.896908
,
,-0.18305
,
,
,0.38217
,-0.84947
,
,
,-0.45247
,2.627796
,
,
,1.272782
,
,
,1.829437
,
,
,
,
,
,
,0.051479
,
,
,
,1.103283
,
,
,
,-2.09582
,1.61387
,
,
,1.214517
,0.474193
,
,-1.15846
,
,
,
,
,
,1.74129
,
,2.387621
,
,-0.46913
,
,
,
,
,2.492096
,
,0.287996
,
,
,
,-0.72605
,
,3.131906
,-1.46061
,3.378254
,
,
,
,
,
,
,
,-1.16564
,
,-1.16046
,0.284942
,-2.79405
,1.672758
,
,
,-0.82258
,
,
,
,0.425473
,
,-0.60591
,2.6669
,
,
,
,0.29088
,-0.08494
,
,
,
,
,0.27671
,
,
,
,
,
,
,
,-1.69344
,
,0.853458
,
,
,-0.66496
,
,
,
,
,
,
,
,
,
,0.039728
,
,
,
,
,
,
,
,
,
,
,0.624622
,
,-0.64393
,
,
,
,
,
,
,
,
,
,
,
,
,
,
,
,
,
,
,
,
,
,
,
,
,
,
,
,-1.97819
,
,
,0.525927
,
,-1.18369
,
,
,
,
,-1.71752
,0.803227
,2.132164
,
,
,
,
,
,
,
,
,1.022238
,1.369582
,
,-1.88395
,
,0.250029
,
,-2.12891
,-0.66575
,-1.76701
,
,
,
,
,0.297925
,0.80893
,
,
,
,
,
,
,-1.40483
,
,
,
,
,0.790942
,
,0.533387
,
,
,-0.60107
,
,
,
,
,-0.18974
,
,-0.3153
,
,0.830482
,-0.56495
,
,
,-2.97784
,
,-3.09638
,-2.55302
,-2.28923
,
,
,
,
,
,
,
,-4.5116
,-4.08139
,-1.9386
,-2.52466
,-0.19385
,-4.65304
,
,
,
,
,
,1.308326
,
,
,
,
,
,0.548495
,1.633545
,
,
,
,-0.66441
,
,-0.1518
,
,0.108212
,
,-0.29157
,
,-0.80711
,
,
,
,
,
,
,
,
,
,-1.64804
,0.113688
,-1.17915
,-0.99241
,
,-1.57587
,
,-0.08466
,
,1.081845
,0.670551
,
,
,
,
,
,
,0.140946
,
,
,
,
,
,-0.69754
,
,0.767702
,
,
,0.658695
,
,
,1.280319
,
,0.041713
,
,
,2.104209
,
,
,
,
,1.688007
,
,-5.16872
,-3.3358
,-1.04044
,
,
,
,
,
,
,
,
,
,1.424686
,
,-2.9824
,
,-0.82003
,
,
,
,
,-0.82066
,
,
,
,
,0.615488
,
,
,1.357939
,
,
,
,
,-0.65029
,
,
,
,
,1.298789
,
,
,
,
,
,
,1.587168
,
,
,1.508012
,
,0.341828
,
,
,
,
,
,
,
,1.769656
,
,
,
,
,
,-0.59256
,-1.06001
,
,
,
,0.946718
,
,-0.12068
,
,
,
,
,
,-1.12817
,
,-0.23926
,
,
,
,2.91754
,
,0.694136
,
,
,
,
,
,0.975433
,0.398039
,
,
,
,
,
,
,0.564237
,
,1.248004
,
,
,
,
,
,-0.00816
,
,
,
,
,-0.10677
,
,
,-1.15535
,
,-0.1693
,
,
,2.161722
,
,1.203071
,
,
,-0.34648
,
,
,
,
,
,
,0.62599
,0.729495
,
,1.544128
,0.082118
,
,
,1.700097
,
,
,
,
,
,
,0.148914
,
,
,
,
,
,
,
,0.049844
,1.637582
,
,
,
,1.021061
,
,-0.36499
,
,0.720267
,
,
,
,
,
,
,
,1.83391
,-0.20241
,1.404167
,-0.42074
,-0.15013
,-0.27247
,
,
,
,
,
,
,
,
,
,
,
,0.261147
,
,-0.52913
,
,-0.64662
,
,
,-0.66684
,
,
,
,
,
,
,
,
,
,
,
,
,
,
,
,0.578377
,
,
,
,
,
,
,
,
,
,
,
,
,
,
,
,
,
,
,
,
,
,
,
,
,
,
,
,
,
,
,
,
,
,
,
,
,
,
,
,
,
,
,
,
,1.398388
,
,
,1.582444
,
,
,
,
,-0.53434
,
,0.989266
,
,0.914302
,0.485174
,
,
,2.464619
,
,
,0.873097
,0.623305
,
,
,
,
,
,
,
,0.342001
,
,0.453195
,-0.49265
,
,-0.1542
,
,
,
,
,
,
,
,
,0.067767
,
,
,
,
,
,
,
,
,
,
,
,
,
,
,
,
,
,
,
,
,
,
,
,
,
,
,
,
,
,1.48043
,
,2.764682
,
,-0.40053
,
,
,
,
,
,
,
,
,3.178806
,
,
,
,
,1.407511
,
,
,
,
,
,
,
,0.703663
,
,3.584719
,
,-1.01736
,
,
,
,
,
,
,
,
,
,
,0.700554
,2.442215
,1.316963
,-0.16989
,2.323502
,
,-0.71788
,
,
,
,
,
,
,
,
,0.625165
,
,-1.54972
,-0.79616
,-0.67433
,
,
,
,
,
,
,0.34873
,0.441669
,0.480126
,-0.74363
,
,-1.98118
,
,
,
,
,
,-0.79583
,
,
,3.130609
,-0.29442
,
,
,
,
,1.248892
,
,
,
,
,
,
,
,0.676747
,
,
,
,
,
,
,0.860233
,
,-1.2209
,1.124251
,
,1.555752
,
,
,
,
,
,
,
,
,
,
,
,
,
,
,1.623742
,
,
,
,
,
,0.868243
,
,-1.39996
,
,
,-0.85018
,0.287999
,
,
,
,
,
,
,0.700505
,0.363828
,0.498486
,0.853345
,
,1.105376
,
,
,
,
,
,1.79837
,
,
,
,0.203883
,0.657862
,
,
,0.993531
,
,1.522658
,
,
,
,
,
,
,
,
,1.090612
,0.270992
,
,0.33431
,
,
,
,1.812551
,0.26815
,0.291279
,
,
,
,
,
,
,
,
,1.35845
,
,
,
,
,
,-0.78552
,1.465697
,
,
,
,0.85923
,
,1.114695
,
,
,
,
,
,
,
,
,
,
,
,0.115033
,
,3.283055
,
,0.2305
,1.749414
,
,3.257835
,-0.28839
,-0.65356
,0.611164
,
,
,
,
,
,
,
,
,
,-0.60024
,
,2.022189
,
,1.538448
,
,
,
,-0.53675
,
,
,
,
,
,
,
,
,
,1.556367
,
,0.712703
,
,0.908232
,
,
,
,
,
,
,
,
,
,0.263189
,
,
,
,
,
,
,-0.24603
,
,
,
,
,
,
,
,0.60293
,
,1.439363
,-0.36448
,
,
,
,-0.41591
,
,0.834478
,
,
,
,
,0.486265
,
,-0.67221
,-0.4267
,1.28053
,
,
,
,
,
,
,-0.56155
,1.435879
,-1.15292
,-2.19572
,
,-1.24011
,
,
,
,
,0.661672
,
,
,
,
,
,
,-0.87102
,
,
,1.862638
,
,-0.05781
,
,
,
,-0.94974
,
,
,0.685453
,2.009496
,
,
,
,
,
,
,
,1.834057
,
,-0.86994
,0.492218
,
,0.109995
,
,
,
,
,
,
,0.508287
,
,
,
,
,1.695081
,
,1.936341
,
,0.922505
,-0.24206
,
,
,
,
,
,
,
,
,
,
,
,1.01324
,
,1.107348
,1.560117
,1.960179
,
,
,
,-0.61692
,1.052261
,
,
,
,
,
,
,
,
,3.046023
,1.775306
,
,1.490726
,
,3.159608
,
,
,
,
,
,
,
,
,
,1.246295
,0.096229
,
,
,0.739137
,
,
,
,
,
,
,
,
,
,
,
,
,
,
,
,
,0.362495
,
,
,-0.40064
,
,0.300553
,
,
,
,
,
,
,
,
,
,
,
,
,
,-0.0127
,1.314173
,1.654008
,
,
,-0.45276
,
,1.074316
,0.650218
,
,1.576351
,
,
,
,
,0.293881
,
,1.038388
,
,-1.59401
,
,
,
,
,-1.19307
,
,1.688628
,
,0.759185
,
,1.084661
,0.853187
,
,
,-0.79456
,
,
,
,
,
,
,
,
,
,
,
,-0.51178
,-0.86383
,
,
,
,1.399428
,
,
,-1.40193
,
,
,
,
,-0.85926
,0.758949
,
,
,1.62486
,
,
,
,
,0.680878
,0.399048
,
,1.785485
,-0.73898
,1.432523
,
,
,
,1.401251
,
,
,
,
,
,
,
,
,
,0.831472
,
,
,2.033718
,
,
,
,
,2.48888
,
,0.700513
,
,
,
,
,
,
,0.542509
,-0.20497
,
,
,
,
,
,
,0.679559
,
,
,
,-0.05772
,
,
,
,
,-0.68346
,
,
,
,0.531667
,
,
,
,
,
,-0.21737
,0.556546
,0.26811
,0.422699
,
,0.336064
,
,
,
,1.567722
,
,1.145812
,
,
,3.58757
,
,1.372088
,
,1.712888
,-0.56768
,
,0.918049
,
,
,
,
,
,
,0.195262
,0.15828
,
,
,
,
,
,
,
,
,0.047606
,0.878465
,-0.15647
,-0.46733
,
,
,
,
,
,
,
,-0.91647
,
,
,
,4.109491
,
,
,
,
,0.09249
,
,-0.12533
,
,
,
,
,
,
,
,
,
,
,
,
,
,
,
,
,
,
,
,
,
,
,
,
,
,2.493655
,1.583125
,
,
,-0.42629
,-1.33754
,
,
,1.080751
,
,
,0.161506
,
,
,
,
,
,
,1.688001
,
,
,
,
,0.244286
,
,
,
,
,0.697769
,
,-0.30134
,
,
,
,
,-4.94964
,
,-2.87892
,3.153588
,
,
,
,
,
,
,
,-1.01684
,0.122955
,0.37545
,1.823553
,
,
,
,
,
,-0.94079
,
,
,
,
,-1.33669
,-0.05365
,
,
,
,
,
,0.655006
,
,
,
,
,
,0.011869
,-2.23908
,1.029423
,
,
,
,
,
,-0.14629
,
,
,
,0.25194
,
,-4.53352
,
,
,
,
,
,
,
,
,-0.34263
,
,0.820375
,
,
,2.813711
,2.037084
,
,
,
,
,
,
,
,
,1.125712
,
,
,
,1.207802
,0.794921
,-0.80132
,
,
,1.818934
,0.619377
,
,
,
,
,
,
,
,
,
,0.184502
,0.419337
,2.026431
,1.129184
,-0.64302
,
,
,1.261468
,
,
,0.032025
,
,
,
,
,
,
,
,
,-1.17658
,-1.01481
,-0.21479
,-1.75356
,
,
,
,-1.12693
,-1.94339
,-1.29845
,
,
,
,1.523338
,
,0.74681
,
,
,2.546481
,
,
,
,
,
,
,0.549432
,1.380639
,
,0.911329
,2.807277
,0.467379
,
,
,
,
,0.36472
,
,
,
,-0.02594
,
,
,
,
,1.841875
,
,
,0.51587
,-0.32193
,1.130981
,0.159805
,
,-0.84328
,
,
,
,
,-0.39266
,
,
,
,
,0.716554
,
,-1.05283
,
,-0.80729
,-1.26422
,
,
,
,
,
,
,-0.34055
,
,0.154594
,
,0.826449
,
,
,
,
,-0.19699
,
,0.950967
,
,
,0.306414
,
,-0.72736
,
,
,1.982391
,
,
,
,
,
,
,
,
,0.445221
,0.25288
,1.910529
,
,
,
,
,
,
,
,
,
,
,-0.2157
,
,
,
,
,
,
,
,
,
,
,
,
,
,
,
,
,
,
,
,
,
,
,
,
,
,
,
,
,0.156745
,
,
,
,
,
,-0.7198
,2.721222
,
,1.529658
,0.861076
,-1.96206
,
,
,
,3.083415
,
,
,
,
,
,
,
,
,
,0.57922
,
,
,
,
,
,
,-0.86345
,-0.71461
,
,
,2.257066
,
,-1.4505
,1.028426
,
,
,
,1.113224
,0.555791
,
,
,
,
,2.160243
,1.278212
,
,
,0.599443
,
,
,2.228154
,
,-0.07534
,
,
,1.905001
,
,
,
,0.480493
,
,
,0.71435
,0.770622
,
,-0.6053
,2.144354
,-1.51975
,
,
,
,
,
,
,0.129813
,
,
,-1.36766
,1.823633
,
,
,
,
,
,
,
,
,
,
,
,
,
,0.082027
,
,
,0.847705
,
,
,
,
,
,
,1.089096
,
,0.857183
,2.122612
,
,
,0.234862
,1.256016
,0.394417
,
,
,2.277001
,
,-0.92988
,0.697949
,
,
,
,
,
,
,-0.6202
,
,
,
,
,
,
,
,0.306182
,0.139441
,
,0.432868
,
,
,
,
,
,
,
,
,
,
,
,
,
,
,
,1.720181
,
,
,1.35512
,1.326131
,
,
,
,
,0.814154
,2.054483
,
,
,
,
,
,
,
,1.83255
,-2.34533
,
,
,
,
,
,-0.12648
,0.145388
,
,
,
,0.690481
,
,2.346723
,
,
,-0.41133
,
,
,
,1.231519
,2.218807
,
,
,0.57171
,
,1.251938
,
,
,
,
,0.71366
,
,-0.347
,
,1.14145
,2.213758
,
,
,-1.34926
,
,
,
,
,-0.01243
,
,
,
,-0.25871
,
,
,
,1.623599
,-2.10751
,
,0.935548
,
,
,
,0.688639
,2.060196
,
,
,
,
,
,
,
,
,
,
,
,
,
,
,
,-0.55844
,1.331445
,-0.0147
,
,
,1.909059
,
,-1.4538
,-1.58253
,
,-0.39192
,
,
,
,
,
,
,
,
,
,
,
,-2.21447
,0.306414
,
,
,
,
,
,
,
,
,0.594928
,
,1.558424
,-0.2192
,
,
,
,0.533357
,-0.0604
,1.062103
,
,
,
,
,
,
,
,
,-0.57474
,
,
,
,-1.38409
,-2.24734
,
,
,
,-0.171
,
,0.305348
,
,
,
,
,
,
,1.724657
,
,
,0.425457
,
,
,
,
,
,
,-0.57245
,
,
,
,
,
,-0.24085
,0.179127
,
,
,
,
,
,
,
,
,-0.00281
,
,
,
,
,
,
,
,
,
,-2.82869
,
,
,
,
,
,1.016037
,-1.92667
,
,
,
,-0.67777
,
,-0.77328
,0.254652
,
,
,
,
,0.36517
,
,
,-1.82019
,
,-2.05378
,-2.33976
,
,
,-1.2007
,
,-1.46754
,1.509196
,
,
,
,
,1.6721
,1.413853
,
,-0.49541
,0.485112
,0.942196
,
,-2.87129
,
,-2.17831
,
,
,
,
,
,
,
,-1.16365
,
,
,
,
,0.61482
,
,0.787655
,
,1.313766
,0.904152
,0.289862
,
,
,0.674426
,
,1.75578
,
,
,
,2.017246
,-0.67498
,
,
,
,0.943636
,
,2.382079
,
,
,
,2.387265
,
,1.248112
,-0.20306
,
,
,
,
,
,1.010445
,
,-0.25207
,
,1.800031
,1.1821
,
,
,
,
,
,
,
,0.039958
,
,
,0.253343
,-0.82776
,
,
,
,
,
,0.185894
,
,
,
,
,
,-0.42759
,
,
,
,-0.38306
,
,1.248858
,-0.62979
,
,
,
,1.353773
,2.392206
,
,
,
,3.080905
,0.399448
,
,-0.65137
,
,
,-0.31719
,
,0.690501
,
,
,
,
,
,
,
,0.365292
,1.803053
,
,
,
,
,
,
,
,
,
,
,-0.81825
,
,
,
,
,
,-2.29795
,
,
,
,
,
,0.87568
,
,
,
,
,
,
,
,
,
,
,
,
,
,
,1.952545
,
,
,-0.1382
,-0.09144
,
,
,
,1.150613
,1.787287
,1.662321
,
,
,
,
,
,
,-0.58585
,-1.47427
,
,
,
,
,
,
,
,
,
,
,
,
,
,
,
,
,
,
,
,
,
,
,
,-0.1386
,
,
,
,
,
,0.047296
,
,0.803626
,
,
,0.719923
,
,
,
,
,0.806066
,
,
,
,
,
,
,
,
,2.597188
,
,
,0.032266
,
,
,
,-0.63658
,
,2.809341
,
,-0.32959
,
,
,-0.8885
,0.499027
,
,
,1.162763
,
,
,
,2.810136
,
,
,-0.06375
,
,
,
,
,
,
,
,0.623009
,
,
,
,1.885825
,
,
,-0.66851
,
,
,0.707703
,
,0.06488
,
,
,
,
,
,
,
,
,
,
,
,
,
,
,
,
,
,
,
,
,
,
,
,
,
,
,
,
,
,
,
,
,
,
,
,
,
,
,
,
,
,
,
,
,
,
,
,
,
,
,
,
,
,
,
,
,
,
,
,
,-1.63911
,
,-1.44571
,
,1.141246
,
,
,
,
,
,
,
,
,
,0.031639
,0.254046
,
,
,
,
,
,
,
,
,
,
,
,
,
,
,
,
,
,
,
,
,
,2.092071
,
,
,
,
,-1.08856
,-0.52438
,
,1.371275
,0.319669
,
,0.365272
,
,
,
,
,
,
,
,
,
,
,
,0.491344
,
,
,
,
,
,
,-0.7428
,
,
,-0.33865
,
,0.598045
,
,
,
,
,
,
,1.825797
,0.244972
,0.934226
,
,
,
,
,1.124375
,-0.72465
,
,
,
,1.884686
,
,0.631982
,-0.58923
,
,
,
,-0.01936
,0.641076
,
,
,0.611382
,
,1.555033
,
,
,0.694828
,
,
,
,
,
,-1.25976
,
,0.86808
,
,
,
,
,
,
,
,
,
,
,
,
,0.718548
,0.805373
,
,
,
,
,
,0.006397
,-0.28159
,
,
,
,
,
,
,
,
,-0.99821
,0.960987
,1.748173
,
,
,
,
,
,
,-1.08967
,
,
,
,2.62057
,
,
,
,
,
,
,
,0.384986
,-0.82279
,
,
,
,-0.85381
,
,-0.35401
,
,
,
,
,
,
,
,
,
,1.633986
,-0.84085
,
,
,
,
,
,
,
,0.329047
,-1.99441
,
,0.106666
,
,
,
,
,-0.73276
,
,-0.04661
,
,
,
,
,
,
,
,
,
,
,0.434944
,1.701642
,
,
,
,
,-1.1897
,
,
,
,
,
,
,
,
,1.533311
,
,
,-0.45317
,1.78821
,
,
,
,
,
,0.030834
,
,
,-1.06401
,0.594823
,
,1.515337
,
,
,
,
,0.35649
,-1.88692
,
,-0.84056
,
,
,
,
,-0.36856
,
,
,0.805924
,
,
,
,
,
,
,
,
,
,1.717725
,
,2.344841
,
,
,
,
,
,
,
,
,
,-0.30265
,-1.27617
,-0.95281
,1.894552
,3.058561
,
,0.041944
,
,
,
,0.163869
,
,
,
,
,
,3.286204
,
,
,2.020211
,
,-1.33427
,
,-0.69324
,
,
,
,-0.14658
,
,-0.93894
,
,
,
,
,
,
,
,
,
,
,
,
,
,
,
,
,
,
,
,1.694979
,
,
,
,0.78215
,
,
,1.002809
,2.866768
,
,
,
,
,
,1.756651
,
,
,
,0.744394
,
,-0.39644
,
,
,0.942002
,
,
,1.526993
,
,
,
,
,
,
,
,
,
,
,-0.47832
,
,
,
,
,
,
,
,1.2077
,
,0.686534
,
,
,0.505261
,
,
,
,
,1.593047
,
,
,
,2.330863
,
,
,
,
,1.787225
,
,3.153972
,
,-0.50624
,-1.36704
,0.47084
,
,
,
,
,
,
,
,0.564374
,
,-0.34013
,
,
,
,
,0.882677
,
,
,0.962273
,
,4.215297
,
,
,
,
,
,-0.51216
,-0.04486
,
,
,
,
,
,
,
,
,-0.79516
,
,1.0325
,1.739205
,
,
,
,-0.35777
,
,-3.17749
,
,-0.07666
,-2.46826
,
,
,1.928787
,
,
,-3.42106
,-0.69867
,
,
,
,
,1.010023
,1.139805
,
,
,1.690795
,0.695724
,2.076805
,
,
,
,
,
,-0.69951
,
,
,
,
,
,
,
,
,-1.04998
,-0.54531
,
,-0.03048
,0.269307
,-0.6066
,
,
,
,
,
,
,
,
,
,
,
,-1.49234
,0.585074
,
,
,
,0.522557
,
,0.64395
,
,
,
,1.145622
,0.966283
,
,
,
,
,
,
,1.916851
,
,2.516346
,0.060199
,1.461872
,1.83744
,
,
,
,
,
,
,1.097365
,
,
,
,1.017589
,0.56241
,
,
,0.075145
,
,1.428566
,
,
,-0.69423
,
,
,1.114622
,1.586869
,
,
,
,
,-1.24944
,
,
,1.628138
,
,
,
,-0.25546
,0.175818
,0.173578
,
,-1.53141
,-0.48443
,-0.43224
,0.476189
,
,2.591355
,
,
,
,
,
,
,-0.49374
,
,
,
,-0.33165
,
,
,
,
,
,
,1.318211
,1.015448
,
,
,
,
,
,-2.91885
,
,
,
,-1.48032
,
,
,
,
,
,0.724207
,
,0.092534
,0.39688
,
,
,
,
,
,
,
,
,
,
,
,0.278292
,
,
,
,
,
,
,
,
,
,
,
,
,
,
,
,
,
,
,
,
,
,
,
,
,
,
,
,
,
,
,
,-2.28028
,
,
,
,
,1.050747
,
,-1.21784
,
,
,-1.73788
,-1.16597
,-0.2699
,
,
,
,
,-1.21346
,
,-0.87311
,
,
,
,
,-0.50004
,-0.85239
,
,
,
,
,
,
,-3.15796
,
,
,-0.07446
,-0.09304
,
,
,
,-1.43498
,-0.5249
,-1.07603
,
,-2.03428
,
,
,
,
,-4.71609
,-3.55298
,
,
,
,0.189377
,
,
,
,
,-0.31065
,-4.00276
,
,-4.22066
,-0.54613
,
,-0.34007
,
,
,
,
,
,
,-1.2997
,
,
,
,-2.65543
,-2.02337
,
,
,-2.26676
,
,-0.00569
,
,
,-2.80763
,
,
,-2.05465
,
,
,
,
,
,
,
,
,
,-0.53443
,
,
,
,
,
,
,
,
,
,
,
,
,
,
,1.929
,
,
,-0.05412
,
,
,
,
,0.615822
,
,
,
,
,
,
,
,
,
,-0.61547
,
,
,
,
,
,
,0.995179
,0.616158
,
,
,-0.3499
,
,1.313852
,
,
,
,-0.46468
,
,
,
,
,
,
,
,
,
,
,0.404263
,
,1.28311
,
,1.357292
,
,
,
,
,
,0.861636
,
,
,-1.68949
,0.079365
,
,
,0.206367
,
,
,
,
,
,
,
,
,
,
,0.865033
,-1.24352
,
,
,
,-0.0511
,
,
,
,
,-0.40755
,
,0.100531
,
,
,
,-0.05833
,
,
,
,0.956104
,
,
,1.917057
,2.306027
,
,
,
,
,
,2.769708
,
,
,
,0.881869
,
,
,
,
,
,
,
,
,0.491149
,
,
,
,
,
,
,-0.09897
,
,
,
,
,0.260913
,1.320003
,0.002915
,
,
,
,
,
,
,
,
,0.184481
,0.621863
,1.286431
,1.800886
,
,
,
,
,
,
,
,
,
,
,1.528899
,
,1.200896
,
,0.029952
,
,
,
,
,0.526533
,
,
,
,
,
,1.407022
,0.707917
,
,-1.0148
,0.780252
,
,1.397915
,
,
,
,
,
,
,
,
,
,
,
,1.04955
,
,1.173857
,
,
,
,1.42664
,
,-0.45311
,
,
,
,0.007223
,
,1.382814
,1.769129
,
,
,
,
,
,
,
,
,
,
,0.473527
,
,-1.15505
,
,-0.98993
,2.960442
,
,
,
,
,0.200959
,
,
,
,
,0.958875
,
,
,
,1.124696
,
,1.875506
,
,
,
,
,
,1.658066
,
,1.621686
,
,
,1.077584
,
,0.392246
,
,
,-1.01584
,
,0.959289
,
,
,
,0.936019
,
,2.920104
,
,
,
,
,
,
,
,
,
,
,
,
,-1.32731
,1.12489
,1.650751
,
,
,
,
,0.175635
,
,-1.22622
,
,
,1.295909
,
,
,
,
,1.352613
,
,0.240798
,
,
,
,
,
,
,
,
,2.756668
,-0.60039
,
,
,-0.98369
,
,
,
,
,
,
,
,
,
,
,
,
,
,-0.15779
,-0.75995
,
,
,
,
,
,
,0.043496
,
,
,
,
,
,-0.22576
,
,
,
,
,
,
,
,
,
,
,
,
,
,
,
,
,
,
,
,
,
,
,
,
,
,
,
,1.009671
,
,
,
,
,
,
,
,-0.53662
,
,
,
,
,
,
,
,
,-0.56821
,
,
,
,
,
,
,
,
,
,
,
,
,
,
,
,
,
,
,
,1.889633
,0.656237
,
,
,
,-0.74147
,-0.06042
,
,
,
,
,
,
,
,0.074839
,
,
,
,
,
,
,
,
,
,2.028228
,
,-0.45559
,
,-0.99342
,0.484012
,
,
,
,0.400472
,
,
,
,-0.24978
,0.705933
,
,
,1.494079
,
,
,
,
,
,
,
,
,
,0.9468
,
,-0.2831
,
,
,0.040731
,
,0.279206
,
,
,1.442953
,
,2.971626
,
,
,
,
,-0.30978
,
,-3.76015
,
,-1.93213
,0.466957
,
,
,
,
,
,
,
,
,-0.95928
,
,
,
,-1.55473
,
,-2.22241
,
,
,-2.48106
,
,
,
,
,0.289971
,
,
,
,
,-0.68603
,-0.19466
,
,
,
,
,
,1.3717
,0.09725
,
,
,
,
,
,
,
,
,1.218794
,0.14265
,-0.07656
,0.308625
,
,
,
,
,
,-0.67236
,
,
,
,
,-0.54796
,
,
,
,
,-0.77784
,0.334233
,-0.66539
,-0.3023
,
,
,
,
,
,
,
,1.111046
,
,
,
,-1.23444
,-0.52727
,
,
,
,-0.82288
,
,2.589832
,
,
,
,
,
,
,
,0.857896
,
,
,
,-1.40024
,1.602959
,
,
,
,-1.53479
,
,0.581516
,
,
,0.093475
,
,-1.37388
,
,-2.47554
,
,
,
,-0.61828
,
,0.750503
,
,
,-1.29339
,
,
,1.466006
,
,
,
,0.549968
,
,-0.21115
,
,0.375895
,0.801149
,
,
,0.048758
,
,
,
,-0.74157
,1.387448
,0.954782
,
,
,
,1.964312
,
,
,
,
,
,
,0.052786
,
,-0.3816
,
,
,
,
,1.858661
,
,-0.303
,
,
,
,
,1.620583
,1.733208
,
,
,
,0.600758
,
,
,
,
,
,-1.04206
,
,0.855147
,-0.60037
,
,
,
,
,
,
,
,
,
,
,
,
,
,
,
,
,
,
,
,
,
,
,
,
,
,
,
,
,
,
,
,
,
,
,
,
,
,
,
,
,
,
,
,
,
,
,
,
,
,
,
,
,
,
,
,
,
,
,
,
,
,
,
,
,
,
,
,
,
,
,
,
,
,
,
,
,
,
,1.482184
,-0.64053
,
,
,
,0.67735
,0.847399
,1.874304
,
,
,
,
,
,-0.91791
,
,
,
,
,
,
,
,
,
,-0.18648
,0.930954
,
,-1.18976
,
,
,2.38121
,
,
,
,
,
,
,
,0.781139
,
,
,
,
,0.419238
,
,
,1.045547
,
,0.512293
,
,
,-0.01573
,
,
,
,
,1.126216
,0.63727
,0.307003
,
,
,
,0.151756
,-0.0436
,-1.2537
,
,
,
,
,
,
,
,
,
,
,
,
,
,
,1.055231
,
,
,
,
,
,
,
,
,
,0.288683
,1.276326
,
,1.252621
,
,-0.33308
,2.293052
,
,
,
,
,2.303766
,-0.82268
,0.417372
,
,0.370813
,
,
,
,
,
,2.967671
,
,
,
,
,
,
,1.71831
,
,1.942754
,0.271666
,
,
,
,
,
,
,
,-0.53825
,
,
,
,
,
,
,
,1.194552
,1.620517
,
,
,
,
,
,
,
,
,0.235579
,0.914339
,0.378986
,
,
,
,
,
,
,
,
,1.289676
,
,
,0.501853
,
,
,
,
,1.280082
,
,2.513066
,
,
,
,
,
,
,
,
,
,
,
,
,
,
,
,
,
,
,
,
,
,
,
,
,
,
,
,
,
,
,
,
,1.595146
,
,
,1.712307
,
,-0.18336
,
,
,
,
,
,
,
,
,2.19878
,
,
,0.83946
,
,
,
,
,2.367369
,
,0.44883
,
,
,
,
,
,
,2.392693
,
,
,
,
,
,
,
,
,
,0.761829
,2.655211
,
,1.044313
,-0.51918
,0.301242
,
,
,-2.30455
,-0.15074
,
,
,
,
,
,
,
,
,
,-0.82396
,3.07421
,
,0.172464
,
,2.080549
,
,
,
,
,
,2.323192
,
,
,
,
,
,0.364891
,1.519372
,
,
,
,-0.28316
,
,-1.34239
,
,
,
,
,
,
,0.07703
,
,0.747335
,-2.02088
,
,
,
,-2.56283
,0.225625
,
,
,
,
,0.367627
,
,-2.93539
,-2.78635
,
,
,
,
,
,
,
,
,
,-3.17692
,1.251928
,
,-3.87009
,
,-3.49356
,0.941174
,
,
,
,
,0.629824
,
,
,
,2.428339
,
,
,
,
,0.271079
,
,-0.01876
,
,
,1.390785
,
,
,
,
,
,
,
,0.805352
,
,2.592309
,
,-0.9716
,
,
,
,
,
,
,
,
,1.623762
,
,
,
,
,0.685456
,-0.58333
,
,
,-1.23009
,
,1.11691
,0.772751
,
,
,
,1.016132
,
,
,
,
,
,
,-0.17312
,0.602659
,
,
,
,
,
,
,0.243901
,
,
,
,
,
,
,
,-1.37704
,
,
,-0.57493
,0.830852
,
,
,
,
,
,
,
,-0.23041
,
,
,
,
,
,
,-2.07184
,
,
,
,0.500062
,
,-0.23187
,-0.92333
,-0.07723
,
,
,2.182921
,
,-0.0458
,
,
,
,
,
,1.035423
,
,
,
,2.160284
,
,
,
,
,-0.86669
,
,1.096989
,
,
,
,
,
,
,
,0.36295
,
,0.080341
,1.154258
,-0.06367
,
,
,-0.13546
,
,
,
,
,
,
,
,
,
,
,-0.00064
,
,
,
,
,
,
,
,-0.32517
,
,1.444554
,
,-0.05358
,1.45508
,
,
,
,
,
,
,
,
,
,
,
,
,
,0.155752
,
,
,
,
,
,
,
,
,-0.69655
,-0.92368
,
,
,
,
,
,
,
,
,0.498458
,
,-3.14812
,
,
,
,
,
,
,
,
,
,
,
,
,
,
,1.075478
,
,
,-0.12292
,
,-0.3602
,
,
,-0.09684
,-1.64109
,
,
,
,-1.05512
,
,
,
,
,
,
,
,
,
,
,
,
,
,0.112197
,0.924008
,
,-2.97691
,-0.99388
,
,
,
,
,
,
,0.937235
,-2.16942
,
,
,
,
,-3.52163
,
,
,
,-0.32819
,
,-2.70021
,0.691637
,
,
,-0.81703
,-0.64587
,
,
,
,-2.37382
,-2.20224
,-0.57199
,-1.04823
,
,
,
,
,
,
,
,0.613975
,-1.63997
,
,-3.70221
,
,-1.22044
,
,
,
,-1.71045
,
,
,
,
,1.666396
,-0.83659
,
,
,-2.5693
,
,1.243867
,
,
,1.187473
,
,
,
,
,1.519178
,-1.89098
,
,-2.19425
,0.551094
,
,0.289578
,
,
,
,
,
,
,
,
,
,-0.91201
,
,
,
,
,-0.69318
,-0.52136
,
,
,
,-2.45334
,1.008018
,
,
,
,
,
,
,
,
,
,
,
,
,
,
,
,
,
,
,
,
,
,
,0.732063
,
,0.354204
,
,
,
,-1.87983
,
,
,
,1.115755
,
,1.530482
,
,
,
,
,0.501575
,3.197824
,
,
,
,
,
,
,0.326489
,
,
,
,-1.66456
,
,-0.01477
,
,
,
,
,1.225542
,
,-0.65625
,1.558507
,
,2.384164
,
,0.930277
,1.932076
,
,
,
,
,
,
,-0.54043
,
,
,
,
,
,
,
,
,
,
,-1.66447
,-0.28455
,0.768904
,2.079664
,0.091236
,
,
,-1.97699
,
,
,1.359137
,
,
,1.060786
,
,0.479274
,
,
,
,
,
,
,
,-0.89005
,-1.37508
,
,
,
,
,-1.66781
,
,
,
,
,0.485653
,-1.86412
,
,
,
,
,
,
,
,
,
,
,
,
,
,
,2.264226
,1.634841
,
,
,-2.26872
,-2.78821
,
,
,
,-1.02732
,-3.36496
,-0.49908
,
,
,
,
,
,
,-1.1337
,-1.2488
,
,
,
,-1.62577
,
,
,
,-0.20827
,-2.90718
,
,0.533562
,
,1.039452
,
,
,
,
,
,
,1.221656
,
,
,-2.75633
,
,-0.48532
,
,0.53601
,
,
,
,0.63998
,-0.22337
,
,
,1.791172
,
,
,
,
,-1.42615
,
,-1.70666
,
,1.105486
,2.297837
,
,
,-4.16706
,-0.60539
,
,
,0.094757
,
,
,-2.13547
,
,
,
,
,
,
,
,
,3.810693
,
,1.47864
,
,
,1.617463
,
,-1.66616
,
,
,
,
,
,
,2.141522
,-0.27416
,
,
,
,
,1.521566
,-0.40984
,
,
,
,0.431584
,
,0.726674
,
,
,0.066003
,1.311016
,
,
,
,0.800443
,
,
,
,
,0.67391
,1.508199
,
,0.320047
,0.830455
,
,-1.27618
,
,
,
,-1.91294
,0.021771
,
,-0.91787
,1.325086
,
,-1.83194
,
,
,2.19479
,
,
,
,
,
,-1.06293
,
,
,
,
,0.303347
,
,-2.13799
,
,
,-0.51
,
,-1.37231
,-0.23198
,
,
,
,
,
,
,
,
,
,
,
,
,
,
,
,
,
,
,
,
,
,
,
,
,
,
,
,
,
,
,
,
,
,
,
,
,
,
,
,
,
,
,
,
,
,
,
,
,
,
,
,
,
,
,
,
,
,
,
,
,
,
,
,
,
,
,
,
,
,
,
,
,
,
,
,
,
,
,
,
,
,
,
,
,
,
,
,
,
,
,
,
,
,
,
,
,
,1.477051
,
,
,
,
,
,
,
,
,
,1.329788
,0.623035
,0.510737
,
,0.364944
,
,0.313707
,1.663714
,0.071797
,
,
,
,
,
,
,
,
,
,1.692979
,
,2.124348
,1.773184
,
,
,
,
,
,1.135971
,
,0.966902
,
,
,
,-0.09349
,1.453006
,
,
,
,
,0.01073
,
,1.021264
,
,
,
,
,
,
,0.196974
,
,
,0.940181
,
,0.508783
,-0.0499
,
,
,
,
,
,-0.35499
,
,0.391229
,
,
,1.102568
,
,
,
,
,0.246788
,
,0.236541
,
,
,
,
,
,
,
,
,1.448419
,4.182369
,
,0.911377
,1.132893
,
,0.931524
,
,
,
,
,
,
,
,
,
,
,0.087476
,
,
,
,-0.88614
,
,1.217341
,
,
,0.014357
,
,-0.10311
,
,
,
,
,
,
,
,-2.13088
,
,
,
,
,
,-0.00973
,
,-0.82425
,
,-2.30673
,0.645518
,1.626844
,
,
,1.334282
,
,
,
,
,
,
,
,3.55821
,
,2.17933
,
,0.370854
,-1.52957
,1.427604
,
,
,
,0.071538
,
,
,
,-0.48805
,
,-0.3625
,
,0.870497
,
,
,
,
,
,
,
,
,
,
,
,
,
,
,
,
,
,-1.67811
,
,4.192545
,
,0.354064
,0.144882
,
,
,
,
,
,
,
,
,1.130157
,
,0.601647
,
,
,0.977265
,
,0.629139
,
,
,0.052249
,
,0.923219
,
,
,-0.07421
,
,
,
,
,
,
,
,
,
,1.395971
,0.248056
,
,
,
,
,
,
,
,
,
,
,
,
,
,
,
,
,
,
,0.760372
,
,2.627595
,
,1.078963
,
,-0.01994
,1.908313
,
,
,
,
,
,
,
,-0.25549
,0.439587
,-0.7282
,
,
,
,
,
,-0.54375
,-1.25307
,
,
,
,-3.62346
,
,
,
,
,-2.33267
,-0.69782
,
,-2.26504
,0.105135
,
,-0.88911
,2.927633
,1.537628
,
,1.793207
,
,1.453333
,-2.49167
,
,
,0.976482
,
,
,-0.75224
,-1.83988
,0.379226
,
,
,
,
,
,
,1.332751
,
,
,
,1.489814
,0.490677
,1.512932
,
,
,2.901893
,
,
,
,
,
,
,-1.00783
,
,
,
,-0.16552
,
,
,-0.42405
,1.662448
,
,
,-0.42587
,
,0.360834
,
,
,
,
,
,
,
,-1.96166
,0.279018
,
,
,
,
,
,
,2.213752
,
,
,
,0.893634
,
,
,
,
,
,-0.25803
,1.156673
,
,
,
,
,0.812172
,
,0.082219
,1.113852
,0.451899
,0.305031
,
,
,
,
,
,
,-1.6467
,
,0.842502
,
,0.198093
,
,
,
,-0.08192
,
,0.005218
,
,
,
,
,0.891079
,0.763713
,
,0.864638
,-0.59611
,
,
,0.87165
,
,
,
,
,
,
,
,
,
,-1.46264
,
,
,
,
,1.181842
,
,-0.24406
,1.656273
,-0.7938
,
,-0.64997
,
,
,
,
,
,-0.07774
,1.549803
,
,0.029705
,
,
,
,
,
,
,
,
,-0.21338
,
,0.170337
,
,
,-0.20916
,
,
,
,
,-0.32283
,
,-0.06753
,
,
,
,
,
,
,
,
,0.158543
,
,0.057364
,
,
,
,
,
,0.838081
,
,
,
,1.046195
,
,
,0.191865
,
,
,0.251853
,0.473852
,0.540244
,
,-0.81786
,-1.95244
,
,
,
,
,-0.07876
,
,
,
,
,-1.52743
,1.606699
,
,
,
,
,0.541731
,1.082493
,
,
,
,
,
,
,
,
,0.25988
,
,
,
,
,
,
,
,
,
,
,
,
,
,
,
,
,
,
,
,
,
,
,
,
,
,
,
,
,
,
,
,
,
,
,
,
,
,
,
,-2.07418
,
,-0.96762
,
,
,
,
,
,
,3.149977
,
,
,
,
,0.495164
,
,
,
,-1.10451
,0.266382
,-0.05615
,
,
,
,
,
,
,
,
,0.076729
,
,
,-1.30572
,
,
,-1.47042
,0.293206
,1.440243
,
,
,
,
,
,
,
,
,-1.12839
,
,
,
,
,-1.61903
,
,-2.79242
,
,-1.15006
,-2.59105
,1.156035
,
,1.140576
,-1.14107
,
,
,
,
,
,
,0.801109
,
,1.886239
,-0.69472
,
,
,
,
,
,-3.2282
,
,
,
,
,0.223666
,
,
,
,-3.5679
,
,-2.92932
,
,
,
,
,
,
,
,-0.85008
,
,
,
,
,1.741561
,0.285141
,
,
,-1.7505
,
,
,0.561867
,
,
,
,
,
,
,
,1.427032
,
,0.308899
,1.529301
,
,
,
,0.131325
,1.570892
,
,
,
,
,-2.98254
,0.834743
,0.581214
,
,
,
,
,
,
,
,
,-1.08693
,
,-1.67451
,-0.89395
,
,
,
,
,
,
,
,1.869008
,-1.61938
,
,-0.82935
,
,
,
,-0.84294
,2.000955
,
,
,
,-0.76098
,0.114355
,-2.71664
,
,
,
,1.717187
,
,2.424076
,
,
,
,0.496957
,3.067671
,1.460979
,
,
,
,
,
,-0.36708
,0.925929
,
,
,
,
,
,0.78221
,
,
,
,0.894043
,
,0.462544
,
,
,
,
,
,-2.89693
,1.29373
,1.43432
,3.644936
,-0.12284
,
,
,2.65035
,
,
,
,
,
,
,-0.61905
,-0.93522
,0.81077
,
,
,
,
,
,
,
,0.326338
,
,1.197644
,
,0.561847
,
,
,
,
,
,-1.07361
,
,
,-0.64431
,-1.62586
,
,
,
,
,
,2.683018
,
,
,
,3.064734
,
,
,
,
,
,
,1.155559
,
,-0.8234
,
,
,1.736234
,
,
,
,
,
,
,
,0.741231
,
,1.593182
,
,0.301405
,
,1.329384
,
,
,1.052392
,
,0.74645
,
,
,
,
,
,
,2.610875
,
,
,-0.83635
,
,
,
,-0.53668
,
,
,
,
,1.862919
,
,
,
,
,
,0.331574
,
,
,
,
,
,1.8947
,
,
,
,-0.27427
,
,
,
,
,
,
,
,-0.19593
,
,
,
,
,
,
,0.109485
,
,-0.70506
,
,-3.06119
,-0.5865
,0.136487
,
,
,
,1.572274
,-0.11376
,
,
,
,
,
,
,-3.35567
,
,-1.63583
,
,-0.88259
,0.081114
,
,
,
,1.977495
,
,
,
,
,
,
,
,
,
,
,
,0.388174
,
,-0.84019
,
,
,
,
,
,
,0.493911
,
,
,-0.51475
,
,
,-1.58379
,
,
,
,
,
,
,
,
,
,
,-1.8314
,
,-0.44895
,
,
,
,
,-0.64533
,
,
,
,1.256762
,-1.73354
,
,
,
,
,
,2.137919
,
,
,
,
,
,-1.16439
,
,
,
,0.210804
,
,2.371521
,-1.26362
,
,
,
,-0.50275
,-1.31331
,
,
,-0.44921
,-0.20633
,
,
,-0.50129
,
,
,-0.59866
,
,
,
,
,-1.07618
,-0.37417
,
,1.71398
,-2.55255
,
,
,0.571618
,
,
,
,-1.86162
,
,
,
,
,
,
,
,
,
,
,
,2.431716
,
,0.243239
,
,1.306562
,-1.47931
,
,0.868348
,
,
,
,
,
,0.196791
,
,-0.60906
,
,-0.99799
,
,
,0.307205
,
,0.038945
,
,
,
,
,
,
,1.333615
,
,-0.06191
,
,
,-0.61465
,
,1.147563
,1.171347
,
,0.152345
,
,
,
,
,0.743965
,0.344707
,
,
,
,-0.67244
,
,
,
,1.456166
,
,1.453437
,
,
,
,
,
,1.533504
,
,
,
,
,
,
,
,
,
,
,1.712241
,
,
,
,0.176041
,
,0.924097
,0.025031
,
,
,
,-0.43511
,
,
,
,
,
,
,0.921499
,
,
,
,-3.41489
,
,
,-1.44343
,
,
,
,0.329111
,-0.42979
,
,-0.26892
,
,
,
,
,0.386901
,
,1.189134
,0.551161
,
,
,-1.58375
,1.496813
,
,
,
,
,
,
,
,1.848661
,
,
,
,
,0.263529
,2.801717
,
,
,
,-1.7291
,-0.55817
,
,
,
,-0.94161
,0.455948
,
,-1.82981
,0.187525
,
,0.403111
,-2.11891
,
,
,
,
,
,0.119851
,
,-1.22566
,-2.92514
,
,
,0.415641
,-0.78649
,-2.13349
,-1.04169
,-0.13549
,
,2.098927
,2.071754
,
,-0.3785
,-1.45979
,-0.16021
,
,
,-0.65392
,
,
,
,0.530904
,
,
,1.016654
,1.013594
,
,
,1.599995
,
,
,
,
,
,
,0.44171
,
,
,
,
,
,
,
,
,
,
,
,
,
,
,
,
,
,
,
,
,
,
,
,
,-0.467
,
,1.385703
,2.598876
,
,
,
,-0.04965
,
,1.313087
,
,
,
,
,
,
,
,
,-0.21014
,
,
,-0.66054
,
,
,
,
,-0.00036
,
,
,
,0.953049
,1.800082
,0.18831
,
,
,
,0.54042
,0.541925
,0.892478
,
,0.99117
,
,
,
,
,
,
,
,
,
,
,-0.04317
,
,0.884619
,0.19961
,0.22122
,
,
,
,
,
,
,
,-0.9827
,1.080615
,1.581904
,-0.28239
,
,0.323657
,
,
,1.320777
,
,
,
,
,
,
,
,
,-0.87541
,
,
,
,1.845292
,
,
,1.231802
,
,1.695423
,
,
,
,
,
,
,
,
,
,
,
,
,
,
,0.719592
,
,0.941339
,
,
,
,0.866125
,
,
,
,
,
,
,
,
,
,
,
,
,0.483091
,0.035538
,
,-0.44589
,-0.05307
,
,
,
,
,
,
,
,
,
,
,
,
,
,
,
,
,
,
,
,
,0.160471
,
,
,
,1.722813
,
,0.117042
,
,
,
,
,
,0.12728
,
,1.128793
,1.076047
,
,0.34222
,
,
,3.212913
,1.511777
,
,
,
,
,
,
,
,
,
,1.061817
,
,
,0.244306
,
,
,
,3.129841
,0.396632
,
,
,
,
,
,
,
,0.836105
,
,
,
,
,
,0.629475
,
,0.927834
,
,-0.1718
,
,0.227222
,0.774763
,-0.8199
,
,
,
,
,-0.89419
,-0.00763
,
,0.470701
,
,0.875697
,
,-1.67061
,
,-4.0595
,
,-1.08478
,
,
,
,
,
,-3.06143
,
,
,-1.27212
,
,-3.02559
,
,
,
,0.663556
,
,-0.66318
,
,
,
,
,0.54534
,
,2.534134
,1.806867
,
,-0.01248
,
,
,
,
,
,1.275606
,
,
,
,
,0.213384
,-0.87397
,
,
,
,
,
,-1.01964
,
,
,
,
,
,
,
,-1.61441
,
,
,
,
,
,-2.24839
,0.464414
,
,
,
,1.48606
,
,0.357968
,
,-5.04559
,
,
,-4.91709
,-4.6503
,
,
,
,
,
,
,
,
,-3.91352
,-3.17191
,-0.61021
,-0.51312
,-2.214
,
,
,
,
,-0.46692
,-4.33658
,
,
,
,
,
,-1.13881
,-1.50977
,-1.91316
,
,
,-0.36793
,
,-5.83798
,
,1.181428
,
,-3.65973
,
,0.22162
,-1.77238
,
,
,0.594025
,
,
,
,
,
,
,
,
,
,
,
,
,0.872849
,1.179885
,
,
,
,
,
,
,-0.34702
,
,2.159815
,-0.08925
,
,
,-1.26715
,
,-2.88561
,
,1.445664
,-0.0699
,
,
,0.260875
,
,
,0.657543
,1.060083
,0.824212
,0.002548
,
,
,
,
,
,
,-0.88537
,0.716193
,
,
,
,
,
,
,1.571716
,
,
,0.683577
,
,-0.17208
,
,
,
,
,
,0.751967
,1.494232
,
,
,
,-0.84701
,
,
,
,
,0.992563
,
,2.31521
,
,
,
,
,
,
,
,
,
,-0.82928
,
,
,1.369856
,
,
,
,0.67852
,1.912442
,
,
,
,
,
,1.233472
,
,1.823643
,
,0.803716
,0.374659
,
,
,
,
,
,
,
,
,
,
,
,
,
,
,0.022449
,1.194565
,
,
,
,-0.70743
,
,
,
,
,
,
,
,1.708149
,1.371016
,
,0.087204
,
,
,
,
,
,-0.17925
,
,
,0.50604
,0.088991
,
,
,
,
,
,0.932631
,
,
,
,
,1.486787
,0.347753
,
,2.592388
,2.269776
,
,
,
,
,
,2.16932
,
,
,
,
,
,
,
,
,
,
,1.521301
,
,
,-1.66257
,
,
,
,-1.06329
,0.100921
,
,0.953176
,
,
,
,
,
,
,
,1.392296
,
,
,
,
,0.852887
,0.124663
,
,
,-0.04963
,
,
,-0.29913
,
,
,1.565701
,
,
,
,0.314129
,0.487326
,1.247411
,1.794149
,
,
,2.54589
,
,
,
,
,
,
,
,-1.59551
,
,-0.91898
,-2.86819
,0.776659
,
,
,
,
,
,
,
,-4.19383
,-1.87327
,-1.32479
,
,
,-2.94924
,
,
,2.394756
,1.200896
,
,
,
,
,
,1.62812
,
,-0.26679
,
,0.906453
,
,
,
,
,0.630961
,
,0.458619
,-0.5495
,-0.25426
,
,
,
,-0.22948
,-0.57543
,1.741015
,0.134136
,
,-1.32743
,
,-1.20419
,1.810466
,0.234823
,1.382799
,
,0.620979
,
,
,
,0.067093
,
,
,
,
,-0.41032
,
,-1.68348
,-0.62144
,
,-0.85386
,
,1.528112
,
,-0.09576
,
,
,
,
,
,
,
,0.323326
,
,
,
,
,
,
,
,
,
,1.629681
,
,1.210433
,
,0.544207
,0.734979
,
,
,
,
,-0.9148
,
,
,
,
,2.346726
,
,
,
,
,0.953504
,
,
,
,
,
,0.636816
,
,
,
,
,
,-0.07456
,
,
,
,
,
,0.586406
,
,
,
,
,0.300667
,
,
,
,
,0.640933
,
,
,
,2.033191
,
,0.590573
,
,
,
,
,1.881084
,
,
,
,
,
,0.162175
,1.885995
,1.380067
,-1.10008
,-0.20301
,
,0.438925
,0.81951
,
,
,
,
,
,
,
,0.345034
,0.956797
,0.641943
,
,
,0.649343
,
,
,
,
,
,
,1.181751
,
,-0.36091
,
,2.037334
,
,
,-0.39673
,
,-0.81474
,1.025289
,
,
,
,
,
,1.399076
,
,
,
,
,
,2.040118
,
,1.654981
,0.652888
,
,0.375489
,2.466257
,
,2.055779
,
,1.000594
,
,
,
,
,
,
,
,
,
,0.636149
,1.140897
,
,
,
,-0.52819
,1.32419
,-0.27465
,-0.37468
,
,-1.69261
,
,-0.40901
,0.833346
,0.25928
,
,
,
,
,
,
,
,-3.76009
,0.880186
,-0.34122
,-3.18965
,-1.08804
,-1.13929
,
,
,
,0.443323
,
,
,
,
,
,
,1.110732
,
,
,
,0.783118
,
,2.03457
,
,
,
,
,-2.99343
,-1.10623
,-2.80185
,-0.81913
,-3.56478
,
,
,
,-2.82605
,
,
,
,
,
,
,
,
,
,
,
,
,
,
,
,
,
,
,
,
,
,
,
,
,1.561145
,
,
,
,
,
,
,
,
,
,0.582215
,
,
,
,
,
,0.343386
,
,
,
,
,
,
,0.674824
,
,
,
,
,0.928466
,
,0.710936
,
,1.755233
,
,
,
,
,
,0.216465
,0.201376
,
,
,
,
,
,
,
,
,0.725411
,
,1.007541
,
,
,
,
,
,
,0.014343
,1.18123
,
,
,
,
,
,
,
,
,-0.43266
,0.553279
,-0.01603
,
,
,
,
,
,
,
,
,0.278426
,
,
,
,1.653583
,
,
,
,
,0.489264
,
,-0.47965
,
,
,
,
,
,0.833667
,0.048283
,
,
,
,
,
,
,
,
,1.086
,
,1.106827
,
,
,
,-0.10315
,
,
,
,
,-0.1297
,1.933682
,
,0.594159
,0.718525
,
,
,
,
,
,
,
,
,
,
,
,
,
,0.307048
,
,
,
,
,
,
,2.1409
,
,-0.46719
,0.353525
,
,2.94366
,
,
,
,
,
,
,-0.58715
,
,0.945837
,
,
,
,
,0.156049
,
,0.317988
,
,1.65007
,0.007345
,
,
,
,
,
,
,1.372943
,1.993051
,3.023793
,0.436254
,
,
,
,
,
,
,
,
,
,
,
,-0.53937
,
,
,
,2.370025
,
,
,-1.9165
,0.675309
,
,
,
,1.258076
,
,
,
,0.976671
,
,
,
,-0.41115
,-0.00608
,0.656647
,0.45833
,0.812378
,
,
,
,
,
,
,
,
,
,
,0.869643
,
,
,-0.10944
,-0.69366
,
,1.374201
,
,
,
,-0.14329
,
,3.251097
,
,
,1.54237
,
,-0.03549
,
,
,
,
,
,
,
,
,
,
,
,-0.41842
,1.040847
,2.002533
,
,
,
,
,
,
,
,2.94983
,
,
,
,
,0.766175
,
,
,
,0.95254
,
,-0.4835
,
,
,
,
,
,0.79852
,
,
,0.83197
,-0.0532
,1.978575
,
,
,-1.95102
,
,1.812526
,
,
,
,
,
,
,
,
,0.462158
,
,1.338028
,-0.5652
,
,
,
,
,2.885628
,
,0.609736
,
,
,
,
,
,
,
,1.615647
,1.806559
,1.396216
,2.382647
,
,
,
,
,1.637874
,0.277438
,
,
,
,
,
,
,
,1.464696
,1.673614
,
,
,1.568767
,1.201104
,
,
,
,
,
,-0.2759
,
,
,
,-2.28167
,
,
,
,
,-0.40123
,-0.94022
,0.496932
,1.348718
,1.833958
,
,
,
,
,
,
,
,
,
,
,
,
,0.395232
,-1.52872
,
,
,
,
,
,
,
,0.060791
,
,-0.78814
,
,
,
,
,
,
,
,
,-0.51011
,
,0.170892
,
,
,
,
,
,
,0.82991
,
,1.771393
,
,
,-0.12173
,
,0.502547
,
,
,-0.70621
,
,
,
,
,
,
,
,
,
,0.505711
,0.303045
,
,
,
,
,
,
,
,-0.30556
,1.509024
,
,0.9512
,-0.05507
,
,
,
,
,
,
,
,
,
,
,
,0.36576
,
,
,
,
,
,
,
,
,
,0.646612
,
,
,
,
,
,
,
,0.694431
,
,
,
,1.072487
,
,
,
,
,
,
,
,
,-0.76924
,
,
,
,
,
,
,
,
,
,
,
,0.253997
,
,
,
,
,
,
,
,
,
,-0.53653
,
,
,
,
,0.801659
,-0.71743
,0.604568
,1.451033
,2.327807
,
,
,
,
,
,
,
,
,
,-0.11355
,
,
,
,
,1.145466
,1.72366
,1.987041
,2.943109
,0.180102
,
,
,
,
,
,
,
,
,
,2.654553
,
,2.344408
,
,
,
,
,
,
,
,
,
,
,-0.41234
,
,0.250645
,0.114573
,
,
,
,-0.22806
,
,0.464079
,
,0.810965
,1.532818
,
,
,2.116406
,
,
,
,
,0.17249
,
,
,
,
,
,
,
,
,
,1.678911
,
,
,-0.44874
,
,
,
,1.702269
,
,0.765013
,
,
,
,1.241407
,
,0.416857
,
,-0.06986
,-0.13093
,
,
,
,
,
,
,
,2.520439
,1.226918
,
,
,
,0.373187
,
,
,
,
,0.60201
,
,
,0.819608
,
,1.335049
,
,
,1.500366
,
,
,
,
,
,
,
,
,
,
,0.304831
,1.245422
,0.384832
,2.021498
,1.743228
,
,
,
,
,
,
,
,
,
,
,
,
,
,-0.36378
,1.198627
,
,
,0.559044
,-0.38282
,
,
,
,
,0.344647
,
,
,
,1.192891
,
,1.160341
,
,
,
,
,
,
,
,
,
,
,0.430475
,
,2.225581
,-1.04718
,0.580524
,
,
,
,
,
,0.515259
,
,
,
,
,
,
,1.821457
,
,
,
,2.25278
,
,0.984654
,
,0.508193
,
,0.873885
,
,1.444797
,1.65843
,
,
,
,
,
,
,
,
,
,
,
,
,
,
,
,
,
,
,
,
,
,
,
,
,
,1.154567
,-0.94262
,
,2.52437
,0.235339
,-0.00628
,
,
,
,
,1.555877
,
,
,
,
,
,
,
,
,0.994267
,
,1.359051
,
,
,
,
,
,
,
,
,2.00926
,-0.63212
,
,
,3.39949
,
,0.930295
,
,
,
,
,
,
,
,0.958772
,-0.56769
,
,0.256384
,
,2.906435
,1.396154
,
,
,
,
,
,
,0.935267
,
,
,
,
,
,0.176806
,
,
,1.06025
,
,
,
,
,
,
,
,
,
,
,1.842012
,
,0.598655
,
,-0.43417
,
,
,
,
,
,1.90196
,
,
,
,
,
,
,-2.6185
,
,
,
,1.064052
,
,
,
,
,
,
,
,0.314607
,
,1.99357
,-0.89718
,1.676544
,
,
,
,
,
,2.175343
,
,
,
,
,
,
,0.998457
,-0.04211
,
,0.535778
,0.310354
,1.192565
,
,
,
,
,
,
,
,
,
,
,
,
,0.504751
,
,
,1.596242
,
,
,
,
,1.281209
,
,-0.6562
,
,
,
,0.752569
,
,
,
,
,
,
,
,
,1.273669
,
,1.18585
,
,2.481629
,-1.15649
,
,
,
,
,0.16714
,
,
,
,
,0.634666
,
,
,
,
,1.727887
,
,-0.16945
,
,
,
,0.352283
,
,
,
,
,
,
,1.261868
,
,
,
,
,0.398138
,
,2.337137
,
,
,-1.01684
,
,
,
,
,1.63071
,2.867553
,1.604319
,0.957612
,-1.70585
,
,
,
,
,
,
,
,
,
,1.623011
,
,
,
,
,
,
,1.883553
,
,
,
,
,
,0.195845
,
,
,1.794851
,
,0.589162
,
,
,
,
,-0.21577
,1.110826
,
,
,-1.20017
,0.77975
,
,
,
,
,
,0.709472
,
,
,
,
,
,
,0.564127
,
,
,
,0.354713
,
,
,
,
,
,
,
,-1.21664
,-0.36468
,
,1.643666
,
,
,
,-1.21249
,0.046939
,
,
,
,
,
,
,1.328919
,
,
,-0.32736
,
,-0.12153
,
,
,
,
,
,
,
,
,
,
,
,
,
,
,
,
,
,
,
,
,
,
,
,
,
,
,0.723822
,
,
,
,
,
,0.664944
,-0.27325
,
,
,
,1.696816
,
,-0.74572
,
,
,-0.51443
,1.50351
,
,
,
,
,
,
,
,
,
,0.632802
,
,1.930262
,
,0.016316
,1.499039
,
,
,
,
,
,
,
,1.186354
,
,1.782246
,
,
,1.749682
,
,
,
,
,2.294238
,
,
,
,
,
,0.90519
,
,-0.98884
,
,-0.15611
,
,
,
,
,1.594909
,
,
,
,
,
,
,
,2.663074
,2.118562
,
,
,
,
,
,0.40879
,
,0.863625
,0.333887
,-0.03557
,2.268163
,
,
,
,
,
,0.276068
,
,
,
,
,
,
,
,
,
,
,0.311538
,
,0.799242
,
,-1.28776
,1.27625
,
,2.010599
,
,
,
,
,
,
,
,
,
,
,
,
,
,
,
,1.442895
,
,2.872549
,
,
,
,
,
,
,
,
,1.902362
,
,0.162172
,
,-0.14923
,
,
,
,
,
,
,2.782493
,
,
,1.304244
,
,
,
,0.830914
,0.609043
,
,
,
,
,
,0.423582
,
,
,-1.46316
,
,
,
,0.272302
,
,1.313087
,
,-0.12059
,0.841269
,
,
,
,
,-0.36401
,
,
,0.145424
,
,-0.73202
,
,
,1.901601
,
,-0.32842
,
,
,
,
,
,
,
,
,
,
,0.904391
,
,
,
,1.321161
,0.945054
,
,-0.22414
,
,
,
,
,1.053831
,
,-0.37121
,
,-0.07449
,0.368458
,
,
,
,
,
,
,-0.77981
,
,
,
,
,
,0.765659
,
,
,
,3.779845
,
,
,0.527817
,-1.32798
,
,
,
,
,0.580029
,2.092433
,
,
,
,
,
,
,
,
,
,
,
,
,
,
,
,
,
,
,
,
,
,
,
,
,
,-0.58337
,
,0.275621
,
,
,
,-1.11502
,2.358523
,
,
,
,2.821627
,
,0.756918
,
,
,-0.84514
,
,-0.87346
,
,
,
,
,
,0.133763
,
,
,
,
,
,0.224159
,-0.89958
,1.768508
,
,
,
,2.376243
,
,2.058463
,1.298649
,
,
,
,
,
,
,
,
,3.123742
,-0.09395
,-1.37403
,
,
,
,
,
,
,
,
,2.677185
,
,
,
,
,
,
,0.428921
,
,
,
,0.594326
,
,0.718536
,
,
,
,
,-1.40741
,1.724809
,
,
,-0.38221
,-0.21936
,
,
,
,
,
,-0.61989
,
,
,
,
,
,
,-0.24125
,0.705747
,
,
,
,1.865077
,
,
,
,
,0.392194
,
,-0.06806
,0.95834
,
,
,
,
,
,
,
,0.513551
,
,
,
,0.2435
,
,
,
,
,0.67241
,
,0.779605
,
,
,
,
,
,
,
,1.134813
,-2.34818
,
,
,
,
,
,0.156937
,
,
,
,1.613016
,
,0.734419
,
,0.620502
,
,0.398481
,
,0.979722
,1.546115
,
,
,
,
,
,
,-1.76095
,
,
,
,
,
,
,
,-0.45828
,
,
,
,
,-0.17281
,
,
,
,
,-3.28589
,
,1.95642
,-2.78532
,
,
,
,
,
,
,
,
,
,
,
,
,
,
,
,
,
,
,
,
,
,
,
,1.083833
,
,
,
,
,
,
,1.861618
,
,
,
,-0.16762
,
,2.091744
,
,
,
,
,1.503429
,1.503905
,
,
,
,
,
,
,1.834342
,-0.2893
,
,
,-0.59003
,
,1.301382
,
,
,-0.87699
,
,-0.21723
,0.668568
,
,0.875124
,
,2.116077
,
,
,
,-0.98287
,
,0.5027
,
,
,0.573703
,
,
,1.155437
,
,
,
,
,-0.37692
,0.424004
,
,
,-1.12338
,
,
,
,
,
,
,
,
,
,1.16597
,2.875986
,
,
,
,
,
,
,-1.97959
,
,
,
,0.312249
,
,1.103806
,
,0.348417
,
,
,
,0.335937
,
,
,
,
,
,
,
,
,-1.12086
,0.130413
,1.433867
,
,0.756405
,
,
,
,
,1.031487
,
,
,
,
,
,1.028664
,0.251854
,
,
,
,2.280963
,
,0.12311
,
,
,2.565972
,
,
,
,
,
,
,0.115778
,0.654794
,
,
,
,1.415949
,-0.85465
,
,-2.00704
,
,0.355516
,0.299353
,
,
,
,0.081153
,
,2.470107
,
,-0.47487
,
,
,
,
,0.331148
,
,
,
,
,
,1.839473
,
,
,0.496999
,
,
,
,
,
,
,
,
,
,
,1.751588
,
,
,
,
,
,
,1.847594
,0.2341
,
,
,0.571432
,
,0.205066
,
,
,
,
,
,-0.75472
,
,
,
,
,
,
,0.694528
,
,
,
,1.557742
,-0.73521
,0.579882
,-0.50484
,
,
,
,1.380514
,1.968044
,1.413044
,
,
,
,
,
,
,
,
,
,
,
,
,
,
,
,
,1.428988
,
,
,-0.23293
,
,-0.0321
,
,
,0.667343
,
,-0.44302
,
,
,
,
,
,
,
,
,0.684225
,
,
,1.244677
,
,
,
,0.968232
,
,
,
,
,-1.61496
,
,
,
,
,0.715552
,1.719869
,1.307765
,
,
,
,
,
,
,
,
,
,
,1.380794
,
,-2.81725
,
,
,
,
,
,
,1.154569
,
,1.70696
,2.766803
,0.834489
,
,
,
,
,
,0.56037
,0.361837
,
,
,
,
,
,0.847473
,
,
,
,1.223719
,
,2.670261
,
,
,
,
,
,
,
,
,2.208374
,
,2.380167
,
,
,1.584132
,
,-0.63263
,
,
,
,
,
,
,
,
,2.894971
,1.325774
,
,0.592174
,
,
,
,
,
,
,
,
,
,
,
,
,-1.0911
,
,
,
,
,2.544038
,2.772375
,
,
,0.560805
,
,0.718046
,1.498702
,
,
,
,
,
,
,
,
,
,
,
,-1.21373
,
,
,
,0.436652
,1.219357
,
,
,
,
,
,
,
,
,
,
,
,
,
,
,
,
,
,
,
,
,
,
,
,
,
,
,
,
,
,
,
,
,
,
,
,
,
,
,
,
,
,
,
,
,
,
,
,
,
,
,
,
,
,
,
,
,
,
,
,
,
,1.288282
,
,
,
,
,2.800314
,1.631173
,
,
,2.219381
,
,
,
,
,
,0.032805
,
,
,
,
,
,
,0.106285
,
,-0.28868
,
,1.378072
,
,
,
,
,
,
,1.181006
,
,
,1.029823
,
,1.018053
,3.772085
,
,
,
,3.462364
,-0.41954
,
,
,
,
,
,2.82281
,
,0.296109
,
,1.8982
,1.357871
,
,
,
,
,
,
,1.529704
,4.180941
,
,
,
,
,
,2.227066
,
,1.932598
,0.540641
,-1.17928
,
,1.311955
,
,
,0.882326
,
,0.237617
,
,
,0.18551
,
,-0.92584
,
,
,1.330719
,
,3.655312
,
,
,
,
,
,
,3.010819
,1.465776
,
,
,
,
,
,
,1.361081
,
,0.693473
,1.61028
,
,-0.36789
,
,
,-0.4712
,
,2.430376
,
,
,
,
,
,
,1.222107
,
,
,2.012716
,
,
,
,
,2.320978
,
,1.974052
,
,
,
,
,
,
,
,0.315623
,1.019839
,0.8341
,0.425575
,
,
,
,
,
,
,
,
,
,-0.92668
,
,
,
,
,1.016572
,1.105629
,
,-0.71281
,1.042436
,
,
,
,
,
,
,
,
,
,
,-0.10932
,
,
,-0.03855
,
,
,
,-0.42177
,
,2.006531
,
,-1.08139
,2.871867
,1.240392
,
,
,
,
,-0.01663
,
,
,0.133619
,
,-0.04282
,
,-0.03363
,
,
,
,
,
,-0.23824
,
,
,
,
,
,
,
,
,
,1.531039
,
,1.808199
,
,0.021577
,1.575763
,
,
,
,
,
,
,1.177155
,
,1.570834
,1.172041
,
,
,
,
,1.210076
,
,-0.60525
,
,
,
,
,0.113966
,
,
,
,1.420588
,
,
,
,
,
,
,
,-1.03666
,-0.59723
,
,
,
,
,
,1.773469
,
,
,
,
,0.0332
,
,
,
,
,-1.04268
,
,-2.25614
,-0.64515
,
,
,
,1.637379
,
,
,
,2.000141
,
,
,
,
,
,
,
,
,
,2.015215
,-1.41995
,
,
,
,
,
,2.248617
,
,
,
,-0.29393
,
,
,
,
,-0.48802
,
,0.763019
,-0.62514
,
,
,
,
,0.203897
,
,
,
,1.59353
,
,
,2.088598
,
,
,
,1.528772
,-0.88692
,
,
,
,
,
,
,
,
,2.052982
,
,
,
,
,
,
,2.268637
,1.071574
,1.748812
,0.331098
,
,1.951719
,
,
,2.630032
,
,
,
,
,
,
,
,-0.26777
,
,0.799919
,
,
,1.938364
,
,
,
,
,
,
,
,-0.09348
,2.391137
,
,
,
,
,
,
,
,
,
,
,-1.72816
,
,2.272319
,
,-0.53246
,
,-0.45873
,
,
,
,
,
,
,2.082552
,0.016376
,
,
,
,
,
,
,-0.21592
,
,
,
,
,
,
,
,1.382441
,
,
,2.995068
,1.235902
,
,1.941582
,
,
,-1.40726
,-0.6113
,
,
,
,
,
,
,0.75036
,
,
,
,
,-1.27838
,1.191684
,
,
,
,
,
,1.167537
,0.158281
,
,
,
,1.881091
,
,0.655229
,
,0.168938
,-0.06379
,
,
,
,
,
,
,
,2.259486
,
,
,
,
,
,
,
,
,-1.25012
,
,-0.002
,1.588855
,
,
,
,
,
,0.250344
,
,
,
,2.11056
,
,
,
,
,
,
,
,
,
,
,
,
,
,
,2.789298
,
,
,
,
,
,
,
,
,
,
,
,
,
,
,
,
,0.848985
,
,
,0.784311
,
,
,0.005912
,
,
,
,
,
,
,-0.52131
,
,
,
,
,
,1.268397
,
,
,0.739458
,
,-0.55103
,
,
,
,
,
,0.796314
,
,
,
,-1.59868
,
,
,
,
,0.637499
,
,-0.20672
,
,
,
,
,
,
,-0.36761
,
,-0.90036
,1.692191
,-0.29475
,
,
,0.83831
,
,
,
,
,
,
,
,1.695162
,
,
,
,0.616291
,
,
,2.610271
,
,
,
,-0.9918
,
,2.672748
,
,
,
,
,
,
,
,
,
,
,
,-0.94125
,
,0.282422
,
,
,2.496753
,
,0.49333
,
,
,
,
,
,
,
,1.889655
,
,2.640055
,
,
,1.649688
,
,
,
,
,
,0.462449
,
,
,
,
,
,
,
,1.578821
,
,2.099542
,
,
,0.403654
,
,
,
,
,
,
,
,
,
,0.032274
,
,
,-0.76831
,-0.33669
,
,
,
,1.03316
,
,0.366117
,
,
,
,
,0.023502
,0.085447
,
,
,
,
,0.965571
,
,-1.11998
,-0.38737